date,av_eurusd_close
2025-10-03,1.17410
2025-10-02,1.17140
2025-10-01,1.17290
2025-09-30,1.17330
2025-09-29,1.17250
2025-09-26,1.17010
2025-09-25,1.16650
2025-09-24,1.17370
2025-09-23,1.18150
2025-09-22,1.18020
2025-09-19,1.17440
2025-09-18,1.17860
2025-09-17,1.18120
2025-09-16,1.18660
2025-09-15,1.17600
2025-09-12,1.17330
2025-09-11,1.17330
2025-09-10,1.16930
2025-09-09,1.17060
2025-09-08,1.17620
2025-09-05,1.17170
2025-09-04,1.16490
2025-09-03,1.16610
2025-09-02,1.16380
2025-09-01,1.17090
2025-08-29,1.16840
2025-08-28,1.16820
2025-08-27,1.16370
2025-08-26,1.16420
2025-08-25,1.16180
2025-08-22,1.17150
2025-08-21,1.16050
2025-08-20,1.16510
2025-08-19,1.16460
2025-08-18,1.16600
2025-08-15,1.16970
2025-08-14,1.16460
2025-08-13,1.17040
2025-08-12,1.16730
2025-08-11,1.16140
2025-08-08,1.16390
2025-08-07,1.16650
2025-08-06,1.16590
2025-08-05,1.15740
2025-08-04,1.15700
2025-08-01,1.15840
2025-07-31,1.14150
2025-07-30,1.14040
2025-07-29,1.15450
2025-07-28,1.15880
2025-07-25,1.17400
2025-07-24,1.17540
2025-07-23,1.17700
2025-07-22,1.17530
2025-07-21,1.16950
2025-07-18,1.16250
2025-07-17,1.15950
2025-07-16,1.16340
2025-07-15,1.15990
2025-07-14,1.16630
2025-07-11,1.16890
2025-07-10,1.17000
2025-07-09,1.17190
2025-07-08,1.17240
2025-07-07,1.17070
2025-07-04,1.17780
2025-07-03,1.17560
2025-07-02,1.17980
2025-07-01,1.18050
2025-06-30,1.17860
2025-06-27,1.17190
2025-06-26,1.16990
2025-06-25,1.16590
2025-06-24,1.16080
2025-06-23,1.15760
2025-06-20,1.15220
2025-06-19,1.14940
2025-06-18,1.14790
2025-06-17,1.14790
2025-06-16,1.15610
2025-06-13,1.15520
2025-06-12,1.15830
2025-06-11,1.14870
2025-06-10,1.14230
2025-06-09,1.14200
2025-06-06,1.13940
2025-06-05,1.14416
2025-06-04,1.14157
2025-06-03,1.13750
2025-06-02,1.14377
2025-05-30,1.13450
2025-05-29,1.13690
2025-05-28,1.12925
2025-05-27,1.13304
2025-05-26,1.13848
2025-05-23,1.13606
2025-05-22,1.12791
2025-05-21,1.13281
2025-05-20,1.12822
2025-05-19,1.12431
2025-05-16,1.11640
2025-05-15,1.11872
2025-05-14,1.11749
2025-05-13,1.11856
2025-05-12,1.10880
2025-05-09,1.12460
2025-05-08,1.12261
2025-05-07,1.13106
2025-05-06,1.13715
2025-05-05,1.13143
2025-05-02,1.12952
2025-05-01,1.12857
2025-04-30,1.13253
2025-04-29,1.13846
2025-04-28,1.14198
2025-04-25,1.13640
2025-04-24,1.13857
2025-04-23,1.13236
2025-04-22,1.13623
2025-04-21,1.15085
2025-04-18,1.13913
2025-04-17,1.13668
2025-04-16,1.13970
2025-04-15,1.12812
2025-04-14,1.13522
2025-04-11,1.13586
2025-04-10,1.11888
2025-04-09,1.09503
2025-04-08,1.09565
2025-04-07,1.09112
2025-04-04,1.09573
2025-04-03,1.10505
2025-04-02,1.08264
2025-04-01,1.07929
2025-03-31,1.08184
2025-03-28,1.08237
2025-03-27,1.07974
2025-03-26,1.07362
2025-03-25,1.07908
2025-03-24,1.07995
2025-03-21,1.08121
2025-03-20,1.08539
2025-03-19,1.09033
2025-03-18,1.09442
2025-03-17,1.09212
2025-03-14,1.08765
2025-03-13,1.08510
2025-03-12,1.08857
2025-03-11,1.09110
2025-03-10,1.08340
2025-03-07,1.08300
2025-03-06,1.07818
2025-03-05,1.07875
2025-03-04,1.06253
2025-03-03,1.04857
2025-02-28,1.03747
2025-02-27,1.03973
2025-02-26,1.04836
2025-02-25,1.05121
2025-02-24,1.04671
2025-02-21,1.04559
2025-02-20,1.05002
2025-02-19,1.04222
2025-02-18,1.04459
2025-02-17,1.04840
2025-02-14,1.04913
2025-02-13,1.04641
2025-02-12,1.03824
2025-02-11,1.03604
2025-02-10,1.03063
2025-02-07,1.03260
2025-02-06,1.03828
2025-02-05,1.04021
2025-02-04,1.03783
2025-02-03,1.03430
2025-01-31,1.03602
2025-01-30,1.03875
2025-01-29,1.04207
2025-01-28,1.04298
2025-01-27,1.04916
2025-01-24,1.04919
2025-01-23,1.04148
2025-01-22,1.04077
2025-01-21,1.03876
2025-01-20,1.04155
2025-01-17,1.02710
2025-01-16,1.02990
2025-01-15,1.02861
2025-01-14,1.03076
2025-01-13,1.02441
2025-01-10,1.02440
2025-01-09,1.02990
2025-01-08,1.03178
2025-01-07,1.03394
2025-01-06,1.03898
2025-01-03,1.03066
2025-01-02,1.02619
2025-01-01,1.03520
2024-12-31,1.03522
2024-12-30,1.04068
2024-12-27,1.04239
2024-12-26,1.04220
2024-12-25,1.04010
2024-12-24,1.04010
2024-12-23,1.04048
2024-12-20,1.04244
2024-12-19,1.03605
2024-12-18,1.03507
2024-12-17,1.04903
2024-12-16,1.05121
2024-12-13,1.05017
2024-12-12,1.04690
2024-12-11,1.04933
2024-12-10,1.05268
2024-12-09,1.05531
2024-12-06,1.05673
2024-12-05,1.05840
2024-12-04,1.05114
2024-12-03,1.05073
2024-12-02,1.04966
2024-11-29,1.05748
2024-11-28,1.05489
2024-11-27,1.05660
2024-11-26,1.04879
2024-11-25,1.04942
2024-11-22,1.04193
2024-11-21,1.04738
2024-11-20,1.05432
2024-11-19,1.05937
2024-11-18,1.05979
2024-11-15,1.05394
2024-11-14,1.05290
2024-11-13,1.05622
2024-11-12,1.06216
2024-11-11,1.06533
2024-11-08,1.07182
2024-11-07,1.08038
2024-11-06,1.07269
2024-11-05,1.09288
2024-11-04,1.08767
2024-11-01,1.08340
2024-10-31,1.08820
2024-10-30,1.08569
2024-10-29,1.08140
2024-10-28,1.08134
2024-10-25,1.07930
2024-10-24,1.08278
2024-10-23,1.07830
2024-10-22,1.07982
2024-10-21,1.08147
2024-10-18,1.08650
2024-10-17,1.08318
2024-10-16,1.08628
2024-10-15,1.08919
2024-10-14,1.09059
2024-10-11,1.09353
2024-10-10,1.09349
2024-10-09,1.09403
2024-10-08,1.09778
2024-10-07,1.09733
2024-10-04,1.09739
2024-10-03,1.10321
2024-10-02,1.10474
2024-10-01,1.10676
2024-09-30,1.11349
2024-09-27,1.11610
2024-09-26,1.11748
2024-09-25,1.11330
2024-09-24,1.11783
2024-09-23,1.11110
2024-09-20,1.11617
2024-09-19,1.11613
2024-09-18,1.11156
2024-09-17,1.11127
2024-09-16,1.11310
2024-09-13,1.10737
2024-09-12,1.10735
2024-09-11,1.10128
2024-09-10,1.10190
2024-09-09,1.10357
2024-09-06,1.10830
2024-09-05,1.11080
2024-09-04,1.10820
2024-09-03,1.10450
2024-09-02,1.10702
2024-08-30,1.10465
2024-08-29,1.10780
2024-08-28,1.11188
2024-08-27,1.11824
2024-08-26,1.11604
2024-08-23,1.11913
2024-08-22,1.11108
2024-08-21,1.11481
2024-08-20,1.11286
2024-08-19,1.10830
2024-08-16,1.10253
2024-08-15,1.09717
2024-08-14,1.10253
2024-08-13,1.09914
2024-08-12,1.09317
2024-08-09,1.09148
2024-08-08,1.09164
2024-08-07,1.09226
2024-08-06,1.09290
2024-08-05,1.09524
2024-08-02,1.09098
2024-08-01,1.07910
2024-07-31,1.08268
2024-07-30,1.08131
2024-07-29,1.08223
2024-07-26,1.08550
2024-07-25,1.08449
2024-07-24,1.08400
2024-07-23,1.08531
2024-07-22,1.08900
2024-07-19,1.08822
2024-07-18,1.08975
2024-07-17,1.09378
2024-07-16,1.08977
2024-07-15,1.08946
2024-07-12,1.09054
2024-07-11,1.08659
2024-07-10,1.08289
2024-07-09,1.08140
2024-07-08,1.08241
2024-07-05,1.08370
2024-07-04,1.08110
2024-07-03,1.07855
2024-07-02,1.07446
2024-07-01,1.07384
2024-06-28,1.07112
2024-06-27,1.07048
2024-06-26,1.06799
2024-06-25,1.07123
2024-06-24,1.07332
2024-06-21,1.06910
2024-06-20,1.07040
2024-06-19,1.07440
2024-06-18,1.07400
2024-06-17,1.07313
2024-06-14,1.07025
2024-06-13,1.07388
2024-06-12,1.08109
2024-06-11,1.07416
2024-06-10,1.07648
2024-06-07,1.08000
2024-06-06,1.08891
2024-06-05,1.08702
2024-06-04,1.08786
2024-06-03,1.09028
2024-05-31,1.08450
2024-05-30,1.08334
2024-05-29,1.08029
2024-05-28,1.08569
2024-05-27,1.08560
2024-05-24,1.08450
2024-05-23,1.08142
2024-05-22,1.08233
2024-05-21,1.08550
2024-05-20,1.08592
2024-05-17,1.08674
2024-05-16,1.08656
2024-05-15,1.08832
2024-05-14,1.08163
2024-05-13,1.07883
2024-05-10,1.07694
2024-05-09,1.07807
2024-05-08,1.07474
2024-05-07,1.07559
2024-05-06,1.07689
2024-05-03,1.07609
2024-05-02,1.07233
2024-05-01,1.07096
2024-04-30,1.06690
2024-04-29,1.07203
2024-04-26,1.06922
2024-04-25,1.07281
2024-04-24,1.06967
2024-04-23,1.07019
2024-04-22,1.06513
2024-04-19,1.06526
2024-04-18,1.06435
2024-04-17,1.06709
2024-04-16,1.06146
2024-04-15,1.06234
2024-04-12,1.06385
2024-04-11,1.07267
2024-04-10,1.07429
2024-04-09,1.08575
2024-04-08,1.08590
2024-04-05,1.08360
2024-04-04,1.08382
2024-04-03,1.08334
2024-04-02,1.07734
2024-04-01,1.07428
2024-03-29,1.07900
2024-03-28,1.07890
2024-03-27,1.08258
2024-03-26,1.08316
2024-03-25,1.08359
2024-03-22,1.08050
2024-03-21,1.08605
2024-03-20,1.09211
2024-03-19,1.08649
2024-03-18,1.08721
2024-03-15,1.08869
2024-03-14,1.08847
2024-03-13,1.09479
2024-03-12,1.09255
2024-03-11,1.09257
2024-03-08,1.09381
2024-03-07,1.09480
2024-03-06,1.08986
2024-03-05,1.08547
2024-03-04,1.08555
2024-03-01,1.08368
2024-02-29,1.08053
2024-02-28,1.08377
2024-02-27,1.08437
2024-02-26,1.08509
2024-02-23,1.08188
2024-02-22,1.08222
2024-02-21,1.08185
2024-02-20,1.08076
2024-02-19,1.07785
2024-02-16,1.07749
2024-02-15,1.07720
2024-02-14,1.07264
2024-02-13,1.07079
2024-02-12,1.07713
2024-02-09,1.07821
2024-02-08,1.07775
2024-02-07,1.07717
2024-02-06,1.07545
2024-02-05,1.07419
2024-02-02,1.07849
2024-02-01,1.08713
2024-01-31,1.08180
2024-01-30,1.08447
2024-01-29,1.08328
2024-01-26,1.08512
2024-01-25,1.08454
2024-01-24,1.08843
2024-01-23,1.08541
2024-01-22,1.08824
2024-01-19,1.08960
2024-01-18,1.08762
2024-01-17,1.08827
2024-01-16,1.08751
2024-01-15,1.09483
2024-01-12,1.09483
2024-01-11,1.09723
2024-01-10,1.09724
2024-01-09,1.09310
2024-01-08,1.09495
2024-01-05,1.09392
2024-01-04,1.09447
2024-01-03,1.09215
2024-01-02,1.09416
2024-01-01,1.10440
2023-12-29,1.10374
2023-12-28,1.10593
2023-12-27,1.11044
2023-12-26,1.10417
2023-12-25,1.10080
2023-12-22,1.10110
2023-12-21,1.10109
2023-12-20,1.09413
2023-12-19,1.09805
2023-12-18,1.09235
2023-12-15,1.08922
2023-12-14,1.09921
2023-12-13,1.08742
2023-12-12,1.07943
2023-12-11,1.07640
2023-12-08,1.07608
2023-12-07,1.07936
2023-12-06,1.07643
2023-12-05,1.07965
2023-12-04,1.08359
2023-12-01,1.08818
2023-11-30,1.08861
2023-11-29,1.09692
2023-11-28,1.09927
2023-11-27,1.09531
2023-11-24,1.09367
2023-11-23,1.09035
2023-11-22,1.08883
2023-11-21,1.09110
2023-11-20,1.09394
2023-11-17,1.09138
2023-11-16,1.08517
2023-11-15,1.08468
2023-11-14,1.08787
2023-11-13,1.06987
2023-11-10,1.06848
2023-11-09,1.06671
2023-11-08,1.07090
2023-11-07,1.06998
2023-11-06,1.07173
2023-11-03,1.07300
2023-11-02,1.06211
2023-11-01,1.05670
2023-10-31,1.05744
2023-10-30,1.06147
2023-10-27,1.05605
2023-10-26,1.05603
2023-10-25,1.05674
2023-10-24,1.05900
2023-10-23,1.06674
2023-10-20,1.05930
2023-10-19,1.05807
2023-10-18,1.05358
2023-10-17,1.05742
2023-10-16,1.05585
2023-10-13,1.05043
2023-10-12,1.05297
2023-10-11,1.06200
2023-10-10,1.06050
2023-10-09,1.05650
2023-10-06,1.05857
2023-10-05,1.05483
2023-10-04,1.05060
2023-10-03,1.04642
2023-10-02,1.04790
2023-09-29,1.05709
2023-09-28,1.05635
2023-09-27,1.05052
2023-09-26,1.05698
2023-09-25,1.05922
2023-09-22,1.06432
2023-09-21,1.06584
2023-09-20,1.06633
2023-09-19,1.06795
2023-09-18,1.06918
2023-09-15,1.06596
2023-09-14,1.06420
2023-09-13,1.07292
2023-09-12,1.07590
2023-09-11,1.07484
2023-09-08,1.06990
2023-09-07,1.06962
2023-09-06,1.07225
2023-09-05,1.07226
2023-09-04,1.07938
2023-09-01,1.07733
2023-08-31,1.08415
2023-08-30,1.09228
2023-08-29,1.08785
2023-08-28,1.08187
2023-08-25,1.07930
2023-08-24,1.08126
2023-08-23,1.08619
2023-08-22,1.08445
2023-08-21,1.08943
2023-08-18,1.08711
2023-08-17,1.08672
2023-08-16,1.08805
2023-08-15,1.09027
2023-08-14,1.09046
2023-08-11,1.09436
2023-08-10,1.09801
2023-08-09,1.09759
2023-08-08,1.09535
2023-08-07,1.10029
2023-08-04,1.10072
2023-08-03,1.09483
2023-08-02,1.09381
2023-08-01,1.10181
2023-07-31,1.09968
2023-07-28,1.10147
2023-07-27,1.09764
2023-07-26,1.10866
2023-07-25,1.10570
2023-07-24,1.10627
2023-07-21,1.11245
2023-07-20,1.11339
2023-07-19,1.11998
2023-07-18,1.12274
2023-07-17,1.12354
2023-07-14,1.12264
2023-07-13,1.12235
2023-07-12,1.11282
2023-07-11,1.10051
2023-07-10,1.09995
2023-07-07,1.09640
2023-07-06,1.08880
2023-07-05,1.08545
2023-07-04,1.08791
2023-07-03,1.09100
2023-06-30,1.09074
2023-06-29,1.08625
2023-06-28,1.09125
2023-06-27,1.09598
2023-06-26,1.09057
2023-06-23,1.08910
2023-06-22,1.09554
2023-06-21,1.09836
2023-06-20,1.09164
2023-06-19,1.09213
2023-06-16,1.09401
2023-06-15,1.09413
2023-06-14,1.08311
2023-06-13,1.07887
2023-06-12,1.07565
2023-06-09,1.07460
2023-06-08,1.07817
2023-06-07,1.06982
2023-06-06,1.06934
2023-06-05,1.07102
2023-06-02,1.07060
2023-06-01,1.07597
2023-05-31,1.06856
2023-05-30,1.07325
2023-05-29,1.07088
2023-05-26,1.07250
2023-05-25,1.07277
2023-05-24,1.07495
2023-05-23,1.07723
2023-05-22,1.08120
2023-05-19,1.08019
2023-05-18,1.07699
2023-05-17,1.08390
2023-05-16,1.08611
2023-05-15,1.08740
2023-05-12,1.08470
2023-05-11,1.09152
2023-05-10,1.09820
2023-05-09,1.09537
2023-05-08,1.10038
2023-05-05,1.10174
2023-05-04,1.10118
2023-05-03,1.10606
2023-05-02,1.10008
2023-05-01,1.09750
2023-04-28,1.10140
2023-04-27,1.10250
2023-04-26,1.10400
2023-04-25,1.09738
2023-04-24,1.10441
2023-04-21,1.09880
2023-04-20,1.09668
2023-04-19,1.09549
2023-04-18,1.09705
2023-04-17,1.09253
2023-04-14,1.09910
2023-04-13,1.10447
2023-04-12,1.09914
2023-04-11,1.09095
2023-04-10,1.08590
2023-04-07,1.09014
2023-04-06,1.09176
2023-04-05,1.09057
2023-04-04,1.09540
2023-04-03,1.09006
2023-03-31,1.08381
2023-03-30,1.09046
2023-03-29,1.08395
2023-03-28,1.08399
2023-03-27,1.07967
2023-03-24,1.07588
2023-03-23,1.08321
2023-03-22,1.08580
2023-03-21,1.07676
2023-03-20,1.07190
2023-03-17,1.06639
2023-03-16,1.06125
2023-03-15,1.05766
2023-03-14,1.07313
2023-03-13,1.07263
2023-03-10,1.06387
2023-03-09,1.05791
2023-03-08,1.05430
2023-03-07,1.05490
2023-03-06,1.06791
2023-03-03,1.06337
2023-03-02,1.05966
2023-03-01,1.06660
2023-02-28,1.05748
2023-02-27,1.06080
2023-02-24,1.05437
2023-02-23,1.05960
2023-02-22,1.06034
2023-02-21,1.06457
2023-02-20,1.06841
2023-02-17,1.06929
2023-02-16,1.06725
2023-02-15,1.06880
2023-02-14,1.07366
2023-02-13,1.07207
2023-02-10,1.06754
2023-02-09,1.07398
2023-02-08,1.07099
2023-02-07,1.07253
2023-02-06,1.07252
2023-02-03,1.07929
2023-02-02,1.09092
2023-02-01,1.09900
2023-01-31,1.08626
2023-01-30,1.08480
2023-01-27,1.08649
2023-01-26,1.08916
2023-01-25,1.09154
2023-01-24,1.08851
2023-01-23,1.08715
2023-01-20,1.08549
2023-01-19,1.08308
2023-01-18,1.07940
2023-01-17,1.07877
2023-01-16,1.08198
2023-01-13,1.08302
2023-01-12,1.08522
2023-01-11,1.07562
2023-01-10,1.07326
2023-01-09,1.07292
2023-01-06,1.06413
2023-01-05,1.05200
2023-01-04,1.06033
2023-01-03,1.05460
2023-01-02,1.06656
2022-12-30,1.07025
2022-12-29,1.06609
2022-12-28,1.06110
2022-12-27,1.06390
2022-12-26,1.06332
2022-12-23,1.06172
2022-12-22,1.05965
2022-12-21,1.06039
2022-12-20,1.06232
2022-12-19,1.06060
2022-12-16,1.05839
2022-12-15,1.06269
2022-12-14,1.06815
2022-12-13,1.06324
2022-12-12,1.05367
2022-12-09,1.05329
2022-12-08,1.05540
2022-12-07,1.05029
2022-12-06,1.04650
2022-12-05,1.04877
2022-12-02,1.05325
2022-12-01,1.05257
2022-11-30,1.04041
2022-11-29,1.03280
2022-11-28,1.03388
2022-11-25,1.03950
2022-11-24,1.04087
2022-11-23,1.03954
2022-11-22,1.03030
2022-11-21,1.02411
2022-11-18,1.03235
2022-11-17,1.03608
2022-11-16,1.03942
2022-11-15,1.03478
2022-11-14,1.03265
2022-11-11,1.03538
2022-11-10,1.02080
2022-11-09,1.00103
2022-11-08,1.00728
2022-11-07,1.00190
2022-11-04,0.99581
2022-11-03,0.97480
2022-11-02,0.98146
2022-11-01,0.98746
2022-10-31,0.98814
2022-10-28,0.99630
2022-10-27,0.99643
2022-10-26,1.00797
2022-10-25,0.99660
2022-10-24,0.98690
2022-10-21,0.98610
2022-10-20,0.97842
2022-10-19,0.97715
2022-10-18,0.98620
2022-10-17,0.98400
2022-10-14,0.97190
2022-10-13,0.97771
2022-10-12,0.97050
2022-10-11,0.97027
2022-10-10,0.97016
2022-10-07,0.97410
2022-10-06,0.97915
2022-10-05,0.98839
2022-10-04,0.99828
2022-10-03,0.98210
2022-09-30,0.98003
2022-09-29,0.98167
2022-09-28,0.97332
2022-09-27,0.95940
2022-09-26,0.96091
2022-09-23,0.96900
2022-09-22,0.98332
2022-09-21,0.98360
2022-09-20,0.99691
2022-09-19,1.00256
2022-09-16,1.00150
2022-09-15,0.99960
2022-09-14,0.99783
2022-09-13,0.99642
2022-09-12,1.01188
2022-09-09,1.00390
2022-09-08,0.99969
2022-09-07,1.00079
2022-09-06,0.99040
2022-09-05,0.99293
2022-09-02,0.99500
2022-09-01,0.99430
2022-08-31,1.00501
2022-08-30,1.00155
2022-08-29,0.99979
2022-08-26,0.99610
2022-08-25,0.99763
2022-08-24,0.99677
2022-08-23,0.99680
2022-08-22,0.99424
2022-08-19,1.00340
2022-08-18,1.00866
2022-08-17,1.01760
2022-08-16,1.01673
2022-08-15,1.01599
2022-08-12,1.02580
2022-08-11,1.03205
2022-08-10,1.02976
2022-08-09,1.02137
2022-08-08,1.01930
2022-08-05,1.01810
2022-08-04,1.02447
2022-08-03,1.01691
2022-08-02,1.01625
2022-08-01,1.02587
2022-07-29,1.02248
2022-07-28,1.01947
2022-07-27,1.01998
2022-07-26,1.01179
2022-07-25,1.02200
2022-07-22,1.02100
2022-07-21,1.02267
2022-07-20,1.01791
2022-07-19,1.02260
2022-07-18,1.01440
2022-07-15,1.00843
2022-07-14,1.00183
2022-07-13,1.00553
2022-07-12,1.00340
2022-07-11,1.00370
2022-07-08,1.01830
2022-07-07,1.01603
2022-07-06,1.01821
2022-07-05,1.02646
2022-07-04,1.04220
2022-07-01,1.04280
2022-06-30,1.04771
2022-06-29,1.04390
2022-06-28,1.05208
2022-06-27,1.05830
2022-06-24,1.05540
2022-06-23,1.05208
2022-06-22,1.05638
2022-06-21,1.05337
2022-06-20,1.05117
2022-06-17,1.04980
2022-06-16,1.05540
2022-06-15,1.04451
2022-06-14,1.04117
2022-06-13,1.04075
2022-06-10,1.05150
2022-06-09,1.06171
2022-06-08,1.07159
2022-06-07,1.07048
2022-06-06,1.06940
2022-06-03,1.07190
2022-06-02,1.07471
2022-06-01,1.06519
2022-05-31,1.07313
2022-05-30,1.07770
2022-05-27,1.07317
2022-05-26,1.07300
2022-05-25,1.06785
2022-05-24,1.07320
2022-05-23,1.06890
2022-05-20,1.05600
2022-05-19,1.05812
2022-05-18,1.04615
2022-05-17,1.05492
2022-05-16,1.04347
2022-05-13,1.04120
2022-05-12,1.03775
2022-05-11,1.05132
2022-05-10,1.05292
2022-05-09,1.05564
2022-05-06,1.05510
2022-05-05,1.05399
2022-05-04,1.06237
2022-05-03,1.05214
2022-05-02,1.05037
2022-04-29,1.05410
2022-04-28,1.04983
2022-04-27,1.05541
2022-04-26,1.06374
2022-04-25,1.07121
2022-04-22,1.07940
2022-04-21,1.08346
2022-04-20,1.08506
2022-04-19,1.07880
2022-04-18,1.07780
2022-04-15,1.08050
2022-04-14,1.08270
2022-04-13,1.08889
2022-04-12,1.08270
2022-04-11,1.08823
2022-04-08,1.08750
2022-04-07,1.08780
2022-04-06,1.08961
2022-04-05,1.09060
2022-04-04,1.09723
2022-04-01,1.10470
2022-03-31,1.10660
2022-03-30,1.11570
2022-03-29,1.10861
2022-03-28,1.09841
2022-03-25,1.09820
2022-03-24,1.09964
2022-03-23,1.10050
2022-03-22,1.10280
2022-03-21,1.10180
2022-03-18,1.10500
2022-03-17,1.10888
2022-03-16,1.10309
2022-03-15,1.09490
2022-03-14,1.09420
2022-03-11,1.09099
2022-03-10,1.09849
2022-03-09,1.10750
2022-03-08,1.08993
2022-03-07,1.08549
2022-03-04,1.09241
2022-03-03,1.10659
2022-03-02,1.11186
2022-03-01,1.11239
2022-02-28,1.12175
2022-02-25,1.12657
2022-02-24,1.11914
2022-02-23,1.13044
2022-02-22,1.13230
2022-02-21,1.13102
2022-02-18,1.13203
2022-02-17,1.13592
2022-02-16,1.13721
2022-02-15,1.13580
2022-02-14,1.13052
2022-02-11,1.13457
2022-02-10,1.14270
2022-02-09,1.14230
2022-02-08,1.14153
2022-02-07,1.14412
2022-02-04,1.14480
2022-02-03,1.14400
2022-02-02,1.13022
2022-02-01,1.12704
2022-01-31,1.12334
2022-01-28,1.11456
2022-01-27,1.11424
2022-01-26,1.12408
2022-01-25,1.13012
2022-01-24,1.13270
2022-01-21,1.13403
2022-01-20,1.13114
2022-01-19,1.13424
2022-01-18,1.13230
2022-01-17,1.14060
2022-01-14,1.14091
2022-01-13,1.14547
2022-01-12,1.14408
2022-01-11,1.13660
2022-01-10,1.13250
2022-01-07,1.13593
2022-01-06,1.12925
2022-01-05,1.13116
2022-01-04,1.12860
2022-01-03,1.12965
2021-12-31,1.13659
2021-12-30,1.13250
2021-12-29,1.13459
2021-12-28,1.13085
2021-12-27,1.13270
2021-12-24,1.13181
2021-12-23,1.13284
2021-12-22,1.13258
2021-12-21,1.12801
2021-12-20,1.12801
2021-12-17,1.12370
2021-12-16,1.13302
2021-12-15,1.12892
2021-12-14,1.12579
2021-12-13,1.12837
2021-12-10,1.13140
2021-12-09,1.12923
2021-12-08,1.13410
2021-12-07,1.12672
2021-12-06,1.12850
2021-12-03,1.13131
2021-12-02,1.13005
2021-12-01,1.13190
2021-11-30,1.13368
2021-11-29,1.12906
2021-11-26,1.13155
2021-11-25,1.12065
2021-11-24,1.11977
2021-11-23,1.12477
2021-11-22,1.12340
2021-11-19,1.12794
2021-11-18,1.13710
2021-11-17,1.13180
2021-11-16,1.13199
2021-11-15,1.13672
2021-11-12,1.14447
2021-11-11,1.14499
2021-11-10,1.14781
2021-11-09,1.15924
2021-11-08,1.15863
2021-11-05,1.15660
2021-11-04,1.15526
2021-11-03,1.16130
2021-11-02,1.15783
2021-11-01,1.16040
2021-10-29,1.15610
2021-10-28,1.16810
2021-10-27,1.16017
2021-10-26,1.15920
2021-10-25,1.16099
2021-10-22,1.16470
2021-10-21,1.16250
2021-10-20,1.16480
2021-10-19,1.16286
2021-10-18,1.16089
2021-10-15,1.16000
2021-10-14,1.15980
2021-10-13,1.15974
2021-10-12,1.15300
2021-10-11,1.15540
2021-10-08,1.15670
2021-10-07,1.15544
2021-10-06,1.15540
2021-10-05,1.15960
2021-10-04,1.16180
2021-10-01,1.15940
2021-09-30,1.15800
2021-09-29,1.15960
2021-09-28,1.16812
2021-09-27,1.16961
2021-09-24,1.17180
2021-09-23,1.17380
2021-09-22,1.16930
2021-09-21,1.17255
2021-09-20,1.17273
2021-09-17,1.17240
2021-09-16,1.17666
2021-09-15,1.18149
2021-09-14,1.18031
2021-09-13,1.18110
2021-09-10,1.18115
2021-09-09,1.18243
2021-09-08,1.18154
2021-09-07,1.18450
2021-09-06,1.18703
2021-09-03,1.18832
2021-09-02,1.18725
2021-09-01,1.18372
2021-08-31,1.18080
2021-08-30,1.17977
2021-08-27,1.17924
2021-08-26,1.17540
2021-08-25,1.17686
2021-08-24,1.17550
2021-08-23,1.17460
2021-08-20,1.16949
2021-08-19,1.16766
2021-08-18,1.17093
2021-08-17,1.17097
2021-08-16,1.17740
2021-08-13,1.17936
2021-08-12,1.17310
2021-08-11,1.17404
2021-08-10,1.17200
2021-08-09,1.17380
2021-08-06,1.17610
2021-08-05,1.18332
2021-08-04,1.18350
2021-08-03,1.18620
2021-08-02,1.18689
2021-07-30,1.18684
2021-07-29,1.18857
2021-07-28,1.18434
2021-07-27,1.18163
2021-07-26,1.18010
2021-07-23,1.17680
2021-07-22,1.17678
2021-07-21,1.17948
2021-07-20,1.17805
2021-07-19,1.17975
2021-07-16,1.18050
2021-07-15,1.18117
2021-07-14,1.18346
2021-07-13,1.17760
2021-07-12,1.18598
2021-07-09,1.18746
2021-07-08,1.18444
2021-07-07,1.17930
2021-07-06,1.18207
2021-07-05,1.18615
2021-07-02,1.18620
2021-07-01,1.18480
2021-06-30,1.18570
2021-06-29,1.18982
2021-06-28,1.19246
2021-06-25,1.19330
2021-06-24,1.19303
2021-06-23,1.19273
2021-06-22,1.19389
2021-06-21,1.19184
2021-06-18,1.18592
2021-06-17,1.19050
2021-06-16,1.19940
2021-06-15,1.21280
2021-06-14,1.21182
2021-06-11,1.21080
2021-06-10,1.21730
2021-06-09,1.21780
2021-06-08,1.21720
2021-06-07,1.21904
2021-06-04,1.21640
2021-06-03,1.21260
2021-06-02,1.22101
2021-06-01,1.22136
2021-05-31,1.22260
2021-05-28,1.21890
2021-05-27,1.21936
2021-05-26,1.21927
2021-05-25,1.22489
2021-05-24,1.22160
2021-05-21,1.21780
2021-05-20,1.22288
2021-05-19,1.21767
2021-05-18,1.22240
2021-05-17,1.21537
2021-05-14,1.21451
2021-05-13,1.20820
2021-05-12,1.20693
2021-05-11,1.21480
2021-05-10,1.21317
2021-05-07,1.21625
2021-05-06,1.20620
2021-05-05,1.20060
2021-05-04,1.20100
2021-05-03,1.20630
2021-04-30,1.20190
2021-04-29,1.21210
2021-04-28,1.21241
2021-04-27,1.20894
2021-04-26,1.20848
2021-04-23,1.20965
2021-04-22,1.20156
2021-04-21,1.20348
2021-04-20,1.20330
2021-04-19,1.20370
2021-04-16,1.19823
2021-04-15,1.19654
2021-04-14,1.19781
2021-04-13,1.19493
2021-04-12,1.19107
2021-04-09,1.19008
2021-04-08,1.19142
2021-04-07,1.18680
2021-04-06,1.18700
2021-04-05,1.18123
2021-04-02,1.17610
2021-04-01,1.17740
2021-03-31,1.17266
2021-03-30,1.17179
2021-03-29,1.17656
2021-03-26,1.17928
2021-03-25,1.17680
2021-03-24,1.18117
2021-03-23,1.18490
2021-03-22,1.19325
2021-03-19,1.19040
2021-03-18,1.19124
2021-03-17,1.19800
2021-03-16,1.19008
2021-03-15,1.19270
2021-03-12,1.19516
2021-03-11,1.19839
2021-03-10,1.19287
2021-03-09,1.18995
2021-03-08,1.18460
2021-03-05,1.19079
2021-03-04,1.19688
2021-03-03,1.20634
2021-03-02,1.20900
2021-03-01,1.20492
2021-02-26,1.20704
2021-02-25,1.21740
2021-02-24,1.21664
2021-02-23,1.21486
2021-02-22,1.21551
2021-02-19,1.21167
2021-02-18,1.20891
2021-02-17,1.20372
2021-02-16,1.21061
2021-02-15,1.21268
2021-02-12,1.21177
2021-02-11,1.21295
2021-02-10,1.21176
2021-02-09,1.21170
2021-02-08,1.20458
2021-02-05,1.20430
2021-02-04,1.19620
2021-02-03,1.20348
2021-02-02,1.20420
2021-02-01,1.20590
2021-01-29,1.21362
2021-01-28,1.21201
2021-01-27,1.21075
2021-01-26,1.21593
2021-01-25,1.21385
2021-01-22,1.21702
2021-01-21,1.21595
2021-01-20,1.21044
2021-01-19,1.21280
2021-01-18,1.20745
2021-01-15,1.20749
2021-01-14,1.21515
2021-01-13,1.21565
2021-01-12,1.22052
2021-01-11,1.21495
2021-01-08,1.21970
2021-01-07,1.22688
2021-01-06,1.23242
2021-01-05,1.22957
2021-01-04,1.22461
2021-01-01,1.22138
2020-12-31,1.22138
2020-12-30,1.22960
2020-12-29,1.22475
2020-12-28,1.22160
2020-12-25,1.21832
2020-12-24,1.21844
2020-12-23,1.21852
2020-12-22,1.21610
2020-12-21,1.22430
2020-12-18,1.22550
2020-12-17,1.22659
2020-12-16,1.21980
2020-12-15,1.21505
2020-12-14,1.21431
2020-12-11,1.21121
2020-12-10,1.21355
2020-12-09,1.21330
2020-12-08,1.21010
2020-12-07,1.21078
2020-12-04,1.21202
2020-12-03,1.21430
2020-12-02,1.21132
2020-12-01,1.20685
2020-11-30,1.19245
2020-11-27,1.19620
2020-11-26,1.19121
2020-11-25,1.19151
2020-11-24,1.18898
2020-11-23,1.18392
2020-11-20,1.18544
2020-11-19,1.18743
2020-11-18,1.18525
2020-11-17,1.18612
2020-11-16,1.18498
2020-11-13,1.18350
2020-11-12,1.18039
2020-11-11,1.18236
2020-11-10,1.18136
2020-11-09,1.18126
2020-11-06,1.18716
2020-11-05,1.18267
2020-11-04,1.16721
2020-11-03,1.17133
2020-11-02,1.16402
2020-10-30,1.16459
2020-10-29,1.16741
2020-10-28,1.17460
2020-10-27,1.17871
2020-10-26,1.18090
2020-10-23,1.18590
2020-10-22,1.18196
2020-10-21,1.18579
2020-10-20,1.18221
2020-10-19,1.17666
2020-10-16,1.17158
2020-10-15,1.17090
2020-10-14,1.17470
2020-10-13,1.17440
2020-10-12,1.18140
2020-10-09,1.18260
2020-10-08,1.17574
2020-10-07,1.17628
2020-10-06,1.17320
2020-10-05,1.17806
2020-10-02,1.17160
2020-10-01,1.17432
2020-09-30,1.17223
2020-09-29,1.17390
2020-09-28,1.16618
2020-09-25,1.16300
2020-09-24,1.16680
2020-09-23,1.16588
2020-09-22,1.17057
2020-09-21,1.17690
2020-09-18,1.18390
2020-09-17,1.18422
2020-09-16,1.18152
2020-09-15,1.18470
2020-09-14,1.18650
2020-09-11,1.18453
2020-09-10,1.18196
2020-09-09,1.18078
2020-09-08,1.17667
2020-09-07,1.18157
2020-09-04,1.18389
2020-09-03,1.18450
2020-09-02,1.18526
2020-09-01,1.19170
2020-08-31,1.19370
2020-08-28,1.19008
2020-08-27,1.18170
2020-08-26,1.18350
2020-08-25,1.18327
2020-08-24,1.17936
2020-08-21,1.17958
2020-08-20,1.18650
2020-08-19,1.18510
2020-08-18,1.19393
2020-08-17,1.18726
2020-08-14,1.18408
2020-08-13,1.18170
2020-08-12,1.17873
2020-08-11,1.17420
2020-08-10,1.17400
2020-08-07,1.17870
2020-08-06,1.18810
2020-08-05,1.18720
2020-08-04,1.17979
2020-08-03,1.17580
2020-07-31,1.17710
2020-07-30,1.18479
2020-07-29,1.17899
2020-07-28,1.17198
2020-07-27,1.17630
2020-07-24,1.16560
2020-07-23,1.16010
2020-07-22,1.15696
2020-07-21,1.15316
2020-07-20,1.14462
2020-07-17,1.14253
2020-07-16,1.13841
2020-07-15,1.14100
2020-07-14,1.14080
2020-07-13,1.13448
2020-07-10,1.12961
2020-07-09,1.12868
2020-07-08,1.13300
2020-07-07,1.12733
2020-07-06,1.13099
2020-07-03,1.12464
2020-07-02,1.12400
2020-07-01,1.12521
2020-06-30,1.12350
2020-06-29,1.12488
2020-06-26,1.12176
2020-06-25,1.12211
2020-06-24,1.12522
2020-06-23,1.13078
2020-06-22,1.12727
2020-06-19,1.11760
2020-06-18,1.12089
2020-06-17,1.12444
2020-06-16,1.12583
2020-06-15,1.13290
2020-06-12,1.12601
2020-06-11,1.12985
2020-06-10,1.13760
2020-06-09,1.13380
2020-06-08,1.12930
2020-06-05,1.12873
2020-06-04,1.13211
2020-06-03,1.12310
2020-06-02,1.11720
2020-06-01,1.11310
2020-05-29,1.11069
2020-05-28,1.10734
2020-05-27,1.10125
2020-05-26,1.09817
2020-05-25,1.08944
2020-05-22,1.09000
2020-05-21,1.09502
2020-05-20,1.09780
2020-05-19,1.09234
2020-05-18,1.09158
2020-05-15,1.08179
2020-05-14,1.08027
2020-05-13,1.08181
2020-05-12,1.08516
2020-05-11,1.08090
2020-05-08,1.08379
2020-05-07,1.08376
2020-05-06,1.07970
2020-05-05,1.08437
2020-05-04,1.09040
2020-05-01,1.09798
2020-04-30,1.09430
2020-04-29,1.08745
2020-04-28,1.08230
2020-04-27,1.08285
2020-04-24,1.08242
2020-04-23,1.07798
2020-04-22,1.08229
2020-04-21,1.08537
2020-04-20,1.08641
2020-04-17,1.08735
2020-04-16,1.08601
2020-04-15,1.09010
2020-04-14,1.09830
2020-04-13,1.09146
2020-04-10,1.09317
2020-04-09,1.09262
2020-04-08,1.08590
2020-04-07,1.08920
2020-04-06,1.07849
2020-04-03,1.08124
2020-04-02,1.08495
2020-04-01,1.09555
2020-03-31,1.10230
2020-03-30,1.10414
2020-03-27,1.11400
2020-03-26,1.10343
2020-03-25,1.08806
2020-03-24,1.08100
2020-03-23,1.07449
2020-03-20,1.06929
2020-03-19,1.06635
2020-03-18,1.09326
2020-03-17,1.10150
2020-03-16,1.11677
2020-03-13,1.11050
2020-03-12,1.11757
2020-03-11,1.12583
2020-03-10,1.13070
2020-03-09,1.14381
2020-03-06,1.12850
2020-03-05,1.12310
2020-03-04,1.11332
2020-03-03,1.11690
2020-03-02,1.11388
2020-02-28,1.10289
2020-02-27,1.10024
2020-02-26,1.08820
2020-02-25,1.08804
2020-02-24,1.08519
2020-02-21,1.08471
2020-02-20,1.07868
2020-02-19,1.08082
2020-02-18,1.07942
2020-02-17,1.08364
2020-02-14,1.08301
2020-02-13,1.08399
2020-02-12,1.08714
2020-02-11,1.09187
2020-02-10,1.09100
2020-02-07,1.09440
2020-02-06,1.09800
2020-02-05,1.09995
2020-02-04,1.10443
2020-02-03,1.10588
2020-01-31,1.10917
2020-01-30,1.10309
2020-01-29,1.10090
2020-01-28,1.10217
2020-01-27,1.10180
2020-01-24,1.10251
2020-01-23,1.10554
2020-01-22,1.10920
2020-01-21,1.10824
2020-01-20,1.10964
2020-01-17,1.10880
2020-01-16,1.11368
2020-01-15,1.11517
2020-01-14,1.11260
2020-01-13,1.11352
2020-01-10,1.11200
2020-01-09,1.11060
2020-01-08,1.11097
2020-01-07,1.11477
2020-01-06,1.11955
2020-01-03,1.11598
2020-01-02,1.11713
2020-01-01,1.12145
2019-12-31,1.12129
2019-12-30,1.11989
2019-12-27,1.11754
2019-12-26,1.10953
2019-12-25,1.10910
2019-12-24,1.10877
2019-12-23,1.10899
2019-12-20,1.10768
2019-12-19,1.11237
2019-12-18,1.11150
2019-12-17,1.11527
2019-12-16,1.11372
2019-12-13,1.11223
2019-12-12,1.11834
2019-12-11,1.11328
2019-12-10,1.10929
2019-12-09,1.10647
2019-12-06,1.10564
2019-12-05,1.11039
2019-12-04,1.10780
2019-12-03,1.10816
2019-12-02,1.10762
2019-11-29,1.10173
2019-11-28,1.10090
2019-11-27,1.10054
2019-11-26,1.10234
2019-11-25,1.10137
2019-11-22,1.10220
2019-11-21,1.10610
2019-11-20,1.10760
2019-11-19,1.10774
2019-11-18,1.10714
2019-11-15,1.10512
2019-11-14,1.10217
2019-11-13,1.10080
2019-11-12,1.10109
2019-11-11,1.10314
2019-11-08,1.10189
2019-11-07,1.10491
2019-11-06,1.10673
2019-11-05,1.10750
2019-11-04,1.11218
2019-11-01,1.11640
2019-10-31,1.11514
2019-10-30,1.11528
2019-10-29,1.11117
2019-10-28,1.10978
2019-10-25,1.10799
2019-10-24,1.11034
2019-10-23,1.11321
2019-10-22,1.11306
2019-10-21,1.11495
2019-10-18,1.11820
2019-10-17,1.11244
2019-10-16,1.10747
2019-10-15,1.10326
2019-10-14,1.10276
2019-10-11,1.10350
2019-10-10,1.10071
2019-10-09,1.09847
2019-10-08,1.09582
2019-10-07,1.09719
2019-10-04,1.09750
2019-10-03,1.09719
2019-10-02,1.09594
2019-10-01,1.09312
2019-09-30,1.08983
2019-09-27,1.09394
2019-09-26,1.09201
2019-09-25,1.09491
2019-09-24,1.10188
2019-09-23,1.09952
2019-09-20,1.10170
2019-09-19,1.10447
2019-09-18,1.10313
2019-09-17,1.10710
2019-09-16,1.10048
2019-09-13,1.10710
2019-09-12,1.10581
2019-09-11,1.10102
2019-09-10,1.10480
2019-09-09,1.10487
2019-09-06,1.10289
2019-09-05,1.10350
2019-09-04,1.10337
2019-09-03,1.09709
2019-09-02,1.09662
2019-08-30,1.09890
2019-08-29,1.10577
2019-08-28,1.10830
2019-08-27,1.10911
2019-08-26,1.10994
2019-08-23,1.11431
2019-08-22,1.10820
2019-08-21,1.10910
2019-08-20,1.10990
2019-08-19,1.10813
2019-08-16,1.10900
2019-08-15,1.11099
2019-08-14,1.11438
2019-08-13,1.11739
2019-08-12,1.12143
2019-08-09,1.11970
2019-08-08,1.11853
2019-08-07,1.12050
2019-08-06,1.12012
2019-08-05,1.12245
2019-08-02,1.11083
2019-08-01,1.10781
2019-07-31,1.10790
2019-07-30,1.11577
2019-07-29,1.11465
2019-07-26,1.11278
2019-07-25,1.11462
2019-07-24,1.11400
2019-07-23,1.11518
2019-07-22,1.12085
2019-07-19,1.12211
2019-07-18,1.12491
2019-07-17,1.12268
2019-07-16,1.12105
2019-07-15,1.12609
2019-07-12,1.12700
2019-07-11,1.12564
2019-07-10,1.12594
2019-07-09,1.12056
2019-07-08,1.12160
2019-07-05,1.12245
2019-07-04,1.12862
2019-07-03,1.12872
2019-07-02,1.12898
2019-07-01,1.12858
2019-06-28,1.13733
2019-06-27,1.13681
2019-06-26,1.13729
2019-06-25,1.13655
2019-06-24,1.13971
2019-06-21,1.13685
2019-06-20,1.12910
2019-06-19,1.12357
2019-06-18,1.11950
2019-06-17,1.12210
2019-06-14,1.12089
2019-06-13,1.12779
2019-06-12,1.12925
2019-06-11,1.13278
2019-06-10,1.13146
2019-06-07,1.13330
2019-06-06,1.12773
2019-06-05,1.12279
2019-06-04,1.12524
2019-06-03,1.12450
2019-05-31,1.11686
2019-05-30,1.11328
2019-05-29,1.11370
2019-05-28,1.11652
2019-05-27,1.11931
2019-05-24,1.12020
2019-05-23,1.11820
2019-05-22,1.11564
2019-05-21,1.11633
2019-05-20,1.11679
2019-05-17,1.11581
2019-05-16,1.11737
2019-05-15,1.12060
2019-05-14,1.12069
2019-05-13,1.12308
2019-05-10,1.12379
2019-05-09,1.12188
2019-05-08,1.11974
2019-05-07,1.11927
2019-05-06,1.11980
2019-05-03,1.11933
2019-05-02,1.11745
2019-05-01,1.12032
2019-04-30,1.12109
2019-04-29,1.11840
2019-04-26,1.11490
2019-04-25,1.11368
2019-04-24,1.11577
2019-04-23,1.12216
2019-04-22,1.12597
2019-04-19,1.12449
2019-04-18,1.12365
2019-04-17,1.12983
2019-04-16,1.12800
2019-04-15,1.13021
2019-04-12,1.12984
2019-04-11,1.12580
2019-04-10,1.12750
2019-04-09,1.12663
2019-04-08,1.12562
2019-04-05,1.12120
2019-04-04,1.12215
2019-04-03,1.12418
2019-04-02,1.12041
2019-04-01,1.12061
2019-03-29,1.12170
2019-03-28,1.12281
2019-03-27,1.12493
2019-03-26,1.12752
2019-03-25,1.13144
2019-03-22,1.13000
2019-03-21,1.13750
2019-03-20,1.14202
2019-03-19,1.13534
2019-03-18,1.13344
2019-03-15,1.13240
2019-03-14,1.13056
2019-03-13,1.13372
2019-03-12,1.12894
2019-03-11,1.12630
2019-03-08,1.12347
2019-03-07,1.11909
2019-03-06,1.13080
2019-03-05,1.12988
2019-03-04,1.13355
2019-03-01,1.13620
2019-02-28,1.13709
2019-02-27,1.13720
2019-02-26,1.13928
2019-02-25,1.13593
2019-02-22,1.13344
2019-02-21,1.13360
2019-02-20,1.13448
2019-02-19,1.13388
2019-02-18,1.13096
2019-02-15,1.12940
2019-02-14,1.12945
2019-02-13,1.12561
2019-02-12,1.13292
2019-02-11,1.12770
2019-02-08,1.13210
2019-02-07,1.13419
2019-02-06,1.13676
2019-02-05,1.14040
2019-02-04,1.14349
2019-02-01,1.14537
2019-01-31,1.14459
2019-01-30,1.14800
2019-01-29,1.14340
2019-01-28,1.14273
2019-01-25,1.14050
2019-01-24,1.13013
2019-01-23,1.13797
2019-01-22,1.13626
2019-01-21,1.13696
2019-01-18,1.13600
2019-01-17,1.13873
2019-01-16,1.13946
2019-01-15,1.14057
2019-01-14,1.14659
2019-01-11,1.14640
2019-01-10,1.14972
2019-01-09,1.15482
2019-01-08,1.14404
2019-01-07,1.14751
2019-01-04,1.13942
2019-01-03,1.13932
2019-01-02,1.13369
2019-01-01,1.14609
2018-12-31,1.14660
2018-12-28,1.14415
2018-12-27,1.14291
2018-12-26,1.13552
2018-12-25,1.14063
2018-12-24,1.14000
2018-12-21,1.13670
2018-12-20,1.14482
2018-12-19,1.13798
2018-12-18,1.13700
2018-12-17,1.13472
2018-12-14,1.13070
2018-12-13,1.13565
2018-12-12,1.13708
2018-12-11,1.13194
2018-12-10,1.13500
2018-12-07,1.13892
2018-12-06,1.13769
2018-12-05,1.13472
2018-12-04,1.13406
2018-12-03,1.13536
2018-11-30,1.13192
2018-11-29,1.13880
2018-11-28,1.13676
2018-11-27,1.12938
2018-11-26,1.13303
2018-11-23,1.13365
2018-11-22,1.14031
2018-11-21,1.13841
2018-11-20,1.13666
2018-11-19,1.14524
2018-11-16,1.14180
2018-11-15,1.13229
2018-11-14,1.13133
2018-11-13,1.12988
2018-11-12,1.12193
2018-11-09,1.13330
2018-11-08,1.13638
2018-11-07,1.14300
2018-11-06,1.14192
2018-11-05,1.14081
2018-11-02,1.13870
2018-11-01,1.14042
2018-10-31,1.13168
2018-10-30,1.13428
2018-10-29,1.13728
2018-10-26,1.14000
2018-10-25,1.13738
2018-10-24,1.13989
2018-10-23,1.14690
2018-10-22,1.14655
2018-10-19,1.15129
2018-10-18,1.14554
2018-10-17,1.14970
2018-10-16,1.15736
2018-10-15,1.15836
2018-10-12,1.15585
2018-10-11,1.15921
2018-10-10,1.15355
2018-10-09,1.14952
2018-10-08,1.14922
2018-10-05,1.15229
2018-10-04,1.15163
2018-10-03,1.14836
2018-10-02,1.15500
2018-10-01,1.15754
2018-09-28,1.16000
2018-09-27,1.16346
2018-09-26,1.17490
2018-09-25,1.17662
2018-09-24,1.17500
2018-09-21,1.17474
2018-09-20,1.17792
2018-09-19,1.16707
2018-09-18,1.16788
2018-09-17,1.16705
2018-09-14,1.16246
2018-09-13,1.16896
2018-09-12,1.16275
2018-09-11,1.16020
2018-09-10,1.15944
2018-09-07,1.15521
2018-09-06,1.16240
2018-09-05,1.16323
2018-09-04,1.15830
2018-09-03,1.16170
2018-08-31,1.15990
2018-08-30,1.16628
2018-08-29,1.17062
2018-08-28,1.16932
2018-08-27,1.16804
2018-08-24,1.16210
2018-08-23,1.15401
2018-08-22,1.15968
2018-08-21,1.15744
2018-08-20,1.14918
2018-08-17,1.14370
2018-08-16,1.13737
2018-08-15,1.13455
2018-08-14,1.13496
2018-08-13,1.14049
2018-08-10,1.14115
2018-08-09,1.15204
2018-08-08,1.16119
2018-08-07,1.15997
2018-08-06,1.15564
2018-08-03,1.15650
2018-08-02,1.15854
2018-08-01,1.16629
2018-07-31,1.16865
2018-07-30,1.17080
2018-07-27,1.16590
2018-07-26,1.16413
2018-07-25,1.17312
2018-07-24,1.16815
2018-07-23,1.16914
2018-07-20,1.17180
2018-07-19,1.16440
2018-07-18,1.16434
2018-07-17,1.16579
2018-07-16,1.17102
2018-07-13,1.16843
2018-07-12,1.16637
2018-07-11,1.16757
2018-07-10,1.17357
2018-07-09,1.17491
2018-07-06,1.17462
2018-07-05,1.16911
2018-07-04,1.16590
2018-07-03,1.16587
2018-07-02,1.16390
2018-06-29,1.16839
2018-06-28,1.15644
2018-06-27,1.15596
2018-06-26,1.16497
2018-06-25,1.17020
2018-06-22,1.16536
2018-06-21,1.16095
2018-06-20,1.15765
2018-06-19,1.15884
2018-06-18,1.16212
2018-06-15,1.16090
2018-06-14,1.15820
2018-06-13,1.17987
2018-06-12,1.17457
2018-06-11,1.17750
2018-06-08,1.17677
2018-06-07,1.17969
2018-06-06,1.17815
2018-06-05,1.17203
2018-06-04,1.16991
2018-06-01,1.16588
2018-05-31,1.17048
2018-05-30,1.16640
2018-05-29,1.15409
2018-05-28,1.16264
2018-05-25,1.16500
2018-05-24,1.17214
2018-05-23,1.17040
2018-05-22,1.17822
2018-05-21,1.17953
2018-05-18,1.17699
2018-05-17,1.17970
2018-05-16,1.18151
2018-05-15,1.18175
2018-05-14,1.19285
2018-05-11,1.19415
2018-05-10,1.19178
2018-05-09,1.18530
2018-05-08,1.18595
2018-05-07,1.19220
2018-05-04,1.19585
2018-05-03,1.19857
2018-05-02,1.19539
2018-05-01,1.19892
2018-04-30,1.20805
2018-04-27,1.21250
2018-04-26,1.21036
2018-04-25,1.21687
2018-04-24,1.22326
2018-04-23,1.22098
2018-04-20,1.22864
2018-04-19,1.23419
2018-04-18,1.23791
2018-04-17,1.23718
2018-04-16,1.23814
2018-04-13,1.23283
2018-04-12,1.23285
2018-04-11,1.23699
2018-04-10,1.23560
2018-04-09,1.23210
2018-04-06,1.22825
2018-04-05,1.22435
2018-04-04,1.22845
2018-04-03,1.22722
2018-04-02,1.23009
2018-03-30,1.23230
2018-03-29,1.23030
2018-03-28,1.23095
2018-03-27,1.24060
2018-03-26,1.24510
2018-03-23,1.23524
2018-03-22,1.23194
2018-03-21,1.23421
2018-03-20,1.22453
2018-03-19,1.23348
2018-03-16,1.22850
2018-03-15,1.23058
2018-03-14,1.23680
2018-03-13,1.23925
2018-03-12,1.23334
2018-03-09,1.23054
2018-03-08,1.23130
2018-03-07,1.24102
2018-03-06,1.24206
2018-03-05,1.23340
2018-03-02,1.23170
2018-03-01,1.22743
2018-02-28,1.21924
2018-02-27,1.22351
2018-02-26,1.23125
2018-02-23,1.22940
2018-02-22,1.23297
2018-02-21,1.22754
2018-02-20,1.23330
2018-02-19,1.24059
2018-02-16,1.24110
2018-02-15,1.25003
2018-02-14,1.24538
2018-02-13,1.23499
2018-02-12,1.22906
2018-02-09,1.22515
2018-02-08,1.22469
2018-02-07,1.22535
2018-02-06,1.23803
2018-02-05,1.23755
2018-02-02,1.24570
2018-02-01,1.25046
2018-01-31,1.24121
2018-01-30,1.24042
2018-01-29,1.23818
2018-01-26,1.24224
2018-01-25,1.23714
2018-01-24,1.24028
2018-01-23,1.22970
2018-01-22,1.22600
2018-01-19,1.22195
2018-01-18,1.22402
2018-01-17,1.21651
2018-01-16,1.22554
2018-01-15,1.22641
2018-01-12,1.21991
2018-01-11,1.20384
2018-01-10,1.19489
2018-01-09,1.19353
2018-01-08,1.19678
2018-01-05,1.20260
2018-01-04,1.20709
2018-01-03,1.20098
2018-01-02,1.20573
2018-01-01,1.20138
2017-12-29,1.19940
2017-12-28,1.19383
2017-12-27,1.18983
2017-12-26,1.18600
2017-12-25,1.18715
2017-12-22,1.18600
2017-12-21,1.18661
2017-12-20,1.18724
2017-12-19,1.18415
2017-12-18,1.17826
2017-12-15,1.17490
2017-12-14,1.17653
2017-12-13,1.18256
2017-12-12,1.17361
2017-12-11,1.17728
2017-12-08,1.17686
2017-12-07,1.17754
2017-12-06,1.18026
2017-12-05,1.18285
2017-12-04,1.18679
2017-12-01,1.18971
2017-11-30,1.18895
2017-11-29,1.18492
2017-11-28,1.18465
2017-11-27,1.18994
2017-11-24,1.19310
2017-11-23,1.18500
2017-11-22,1.18180
2017-11-21,1.17335
2017-11-20,1.17335
2017-11-17,1.17875
2017-11-16,1.17706
2017-11-15,1.17688
2017-11-14,1.17979
2017-11-13,1.16644
2017-11-10,1.16630
2017-11-09,1.16432
2017-11-08,1.15935
2017-11-07,1.15929
2017-11-06,1.16089
2017-11-03,1.16050
2017-11-02,1.16572
2017-11-01,1.16184
2017-10-31,1.16495
2017-10-30,1.16432
2017-10-27,1.16060
2017-10-26,1.16455
2017-10-25,1.18153
2017-10-24,1.17645
2017-10-23,1.17494
2017-10-20,1.17830
2017-10-19,1.18470
2017-10-18,1.17944
2017-10-17,1.17682
2017-10-16,1.17920
2017-10-13,1.18199
2017-10-12,1.18348
2017-10-11,1.18627
2017-10-10,1.18107
2017-10-09,1.17411
2017-10-06,1.17259
2017-10-05,1.17102
2017-10-04,1.17608
2017-10-03,1.17423
2017-10-02,1.17383
2017-09-29,1.18130
2017-09-28,1.17806
2017-09-27,1.17423
2017-09-26,1.17895
2017-09-25,1.18554
2017-09-22,1.19510
2017-09-21,1.19409
2017-09-20,1.18895
2017-09-19,1.19940
2017-09-18,1.19564
2017-09-15,1.19418
2017-09-14,1.19188
2017-09-13,1.18934
2017-09-12,1.19716
2017-09-11,1.19624
2017-09-08,1.20350
2017-09-07,1.20187
2017-09-06,1.19251
2017-09-05,1.19206
2017-09-04,1.18979
2017-09-01,1.18570
2017-08-31,1.19128
2017-08-30,1.18959
2017-08-29,1.19744
2017-08-28,1.19678
2017-08-25,1.19240
2017-08-24,1.18029
2017-08-23,1.18115
2017-08-22,1.17636
2017-08-21,1.18093
2017-08-18,1.17600
2017-08-17,1.17266
2017-08-16,1.17775
2017-08-15,1.17374
2017-08-14,1.17781
2017-08-11,1.18241
2017-08-10,1.17656
2017-08-09,1.17626
2017-08-08,1.17592
2017-08-07,1.17920
2017-08-04,1.17720
2017-08-03,1.18772
2017-08-02,1.18512
2017-08-01,1.18054
2017-07-31,1.18310
2017-07-28,1.17510
2017-07-27,1.16841
2017-07-26,1.17343
2017-07-25,1.16460
2017-07-24,1.16370
2017-07-21,1.16590
2017-07-20,1.16268
2017-07-19,1.15270
2017-07-18,1.15505
2017-07-17,1.14768
2017-07-14,1.14613
2017-07-13,1.13957
2017-07-12,1.14159
2017-07-11,1.14699
2017-07-10,1.13965
2017-07-07,1.13980
2017-07-06,1.14220
2017-07-05,1.13532
2017-07-04,1.13531
2017-07-03,1.13662
2017-06-30,1.14270
2017-06-29,1.14426
2017-06-28,1.13775
2017-06-27,1.13430
2017-06-26,1.11804
2017-06-23,1.11830
2017-06-22,1.11499
2017-06-21,1.11668
2017-06-20,1.11350
2017-06-19,1.11517
2017-06-16,1.11837
2017-06-15,1.11462
2017-06-14,1.12097
2017-06-13,1.12075
2017-06-12,1.12011
2017-06-09,1.11940
2017-06-08,1.12034
2017-06-07,1.12580
2017-06-06,1.12774
2017-06-05,1.12581
2017-06-02,1.12790
2017-06-01,1.12186
2017-05-31,1.12387
2017-05-30,1.11734
2017-05-29,1.11385
2017-05-26,1.11770
2017-05-25,1.12127
2017-05-24,1.12169
2017-05-23,1.11870
2017-05-22,1.12384
2017-05-19,1.12040
2017-05-18,1.11076
2017-05-17,1.11614
2017-05-16,1.10946
2017-05-15,1.09808
2017-05-12,1.09260
2017-05-11,1.08633
2017-05-10,1.08659
2017-05-09,1.08819
2017-05-08,1.09252
2017-05-05,1.09950
2017-05-04,1.09802
2017-05-03,1.08886
2017-05-02,1.09308
2017-05-01,1.09100
2017-04-28,1.08932
2017-04-27,1.08701
2017-04-26,1.09084
2017-04-25,1.09295
2017-04-24,1.08675
2017-04-21,1.07246
2017-04-20,1.07143
2017-04-19,1.07140
2017-04-18,1.07289
2017-04-17,1.06409
2017-04-14,1.06117
2017-04-13,1.06161
2017-04-12,1.06665
2017-04-11,1.06042
2017-04-10,1.05982
2017-04-07,1.05895
2017-04-06,1.06429
2017-04-05,1.06687
2017-04-04,1.06791
2017-04-03,1.06667
2017-03-31,1.06630
2017-03-30,1.06841
2017-03-29,1.07649
2017-03-28,1.08140
2017-03-27,1.08647
2017-03-24,1.07950
2017-03-23,1.07822
2017-03-22,1.07936
2017-03-21,1.08117
2017-03-20,1.07338
2017-03-17,1.07338
2017-03-16,1.07713
2017-03-15,1.07301
2017-03-14,1.06087
2017-03-13,1.06515
2017-03-10,1.06700
2017-03-09,1.05760
2017-03-08,1.05406
2017-03-07,1.05672
2017-03-06,1.05815
2017-03-03,1.06182
2017-03-02,1.05065
2017-03-01,1.05508
2017-02-28,1.05728
2017-02-27,1.05864
2017-02-24,1.05510
2017-02-23,1.05775
2017-02-22,1.05560
2017-02-21,1.05354
2017-02-20,1.06137
2017-02-17,1.06128
2017-02-16,1.06681
2017-02-15,1.05916
2017-02-14,1.05773
2017-02-13,1.05943
2017-02-10,1.06370
2017-02-09,1.06526
2017-02-08,1.06952
2017-02-07,1.06805
2017-02-06,1.07478
2017-02-03,1.07804
2017-02-02,1.07619
2017-02-01,1.07668
2017-01-31,1.07954
2017-01-30,1.07011
2017-01-27,1.06979
2017-01-26,1.06799
2017-01-25,1.07496
2017-01-24,1.07312
2017-01-23,1.07719
2017-01-20,1.06990
2017-01-19,1.06582
2017-01-18,1.06336
2017-01-17,1.07108
2017-01-16,1.05994
2017-01-13,1.06399
2017-01-12,1.06119
2017-01-11,1.05833
2017-01-10,1.05562
2017-01-09,1.05838
2017-01-06,1.05320
2017-01-05,1.06021
2017-01-04,1.04871
2017-01-03,1.04090
2017-01-02,1.04622
2016-12-30,1.05160
2016-12-29,1.04925
2016-12-28,1.04178
2016-12-27,1.04588
2016-12-26,1.04547
2016-12-23,1.04460
2016-12-22,1.04349
2016-12-21,1.04265
2016-12-20,1.03903
2016-12-19,1.04017
2016-12-16,1.04492
2016-12-15,1.04200
2016-12-14,1.05277
2016-12-13,1.06250
2016-12-12,1.06393
2016-12-09,1.05578
2016-12-08,1.06132
2016-12-07,1.07571
2016-12-06,1.07178
2016-12-05,1.07580
2016-12-02,1.06608
2016-12-01,1.06589
2016-11-30,1.05962
2016-11-29,1.06481
2016-11-28,1.06133
2016-11-25,1.05892
2016-11-24,1.05559
2016-11-23,1.05511
2016-11-22,1.06271
2016-11-21,1.06309
2016-11-18,1.05841
2016-11-17,1.06261
2016-11-16,1.07013
2016-11-15,1.07238
2016-11-14,1.07442
2016-11-11,1.08519
2016-11-10,1.08850
2016-11-09,1.09187
2016-11-08,1.10130
2016-11-07,1.10433
2016-11-04,1.11450
2016-11-03,1.11040
2016-11-02,1.10978
2016-11-01,1.10559
2016-10-31,1.09719
2016-10-28,1.09810
2016-10-27,1.08946
2016-10-26,1.09081
2016-10-25,1.08896
2016-10-24,1.08712
2016-10-21,1.08838
2016-10-20,1.09275
2016-10-19,1.09782
2016-10-18,1.09785
2016-10-17,1.10022
2016-10-14,1.09660
2016-10-13,1.10535
2016-10-12,1.10126
2016-10-11,1.10593
2016-10-10,1.11402
2016-10-07,1.12000
2016-10-06,1.11456
2016-10-05,1.12065
2016-10-04,1.12048
2016-10-03,1.12138
2016-09-30,1.12403
2016-09-29,1.12231
2016-09-28,1.12168
2016-09-27,1.12170
2016-09-26,1.12520
2016-09-23,1.12260
2016-09-22,1.12101
2016-09-21,1.11898
2016-09-20,1.11531
2016-09-19,1.11781
2016-09-16,1.11566
2016-09-15,1.12476
2016-09-14,1.12428
2016-09-13,1.12140
2016-09-12,1.12384
2016-09-09,1.12250
2016-09-08,1.12645
2016-09-07,1.12418
2016-09-06,1.12443
2016-09-05,1.11481
2016-09-02,1.11520
2016-09-01,1.11947
2016-08-31,1.11606
2016-08-30,1.11475
2016-08-29,1.11867
2016-08-26,1.11950
2016-08-25,1.12849
2016-08-24,1.12639
2016-08-23,1.13034
2016-08-22,1.13195
2016-08-19,1.13250
2016-08-18,1.13454
2016-08-17,1.12947
2016-08-16,1.12770
2016-08-15,1.11850
2016-08-12,1.11623
2016-08-11,1.11392
2016-08-10,1.11854
2016-08-09,1.11149
2016-08-08,1.10844
2016-08-05,1.10810
2016-08-04,1.11283
2016-08-03,1.11491
2016-08-02,1.12190
2016-08-01,1.11665
2016-07-29,1.11750
2016-07-28,1.10775
2016-07-27,1.10576
2016-07-26,1.09886
2016-07-25,1.09929
2016-07-22,1.09750
2016-07-21,1.10263
2016-07-20,1.10100
2016-07-19,1.10179
2016-07-18,1.10744
2016-07-15,1.10261
2016-07-14,1.11125
2016-07-13,1.10982
2016-07-12,1.10632
2016-07-11,1.10597
2016-07-08,1.10490
2016-07-07,1.10598
2016-07-06,1.10944
2016-07-05,1.10614
2016-07-04,1.11455
2016-07-01,1.11350
2016-06-30,1.10990
2016-06-29,1.11230
2016-06-28,1.10725
2016-06-27,1.10103
2016-06-24,1.11148
2016-06-23,1.13750
2016-06-22,1.13308
2016-06-21,1.12576
2016-06-20,1.13147
2016-06-17,1.12790
2016-06-16,1.12312
2016-06-15,1.12618
2016-06-14,1.12092
2016-06-13,1.12902
2016-06-10,1.12484
2016-06-09,1.13136
2016-06-08,1.13999
2016-06-07,1.13550
2016-06-06,1.13550
2016-06-03,1.13627
2016-06-02,1.11521
2016-06-01,1.11840
2016-05-31,1.11315
2016-05-30,1.11417
2016-05-27,1.11087
2016-05-26,1.11928
2016-05-25,1.11561
2016-05-24,1.11398
2016-05-23,1.12164
2016-05-20,1.12191
2016-05-19,1.12021
2016-05-18,1.12233
2016-05-17,1.13129
2016-05-16,1.13138
2016-05-13,1.13050
2016-05-12,1.13784
2016-05-11,1.14230
2016-05-10,1.13715
2016-05-09,1.13829
2016-05-06,1.13991
2016-05-05,1.14027
2016-05-04,1.14890
2016-05-03,1.14989
2016-05-02,1.15257
2016-04-29,1.14485
2016-04-28,1.13526
2016-04-27,1.13266
2016-04-26,1.12990
2016-04-25,1.12673
2016-04-22,1.12153
2016-04-21,1.12876
2016-04-20,1.13012
2016-04-19,1.13566
2016-04-18,1.13082
2016-04-15,1.12936
2016-04-14,1.12625
2016-04-13,1.12790
2016-04-12,1.13858
2016-04-11,1.14099
2016-04-08,1.13950
2016-04-07,1.13722
2016-04-06,1.13962
2016-04-05,1.13828
2016-04-04,1.13881
2016-04-01,1.13940
2016-03-31,1.13778
2016-03-30,1.13322
2016-03-29,1.12879
2016-03-28,1.11968
2016-03-25,1.11630
2016-03-24,1.11770
2016-03-23,1.11820
2016-03-22,1.12162
2016-03-21,1.12393
2016-03-18,1.12690
2016-03-17,1.13154
2016-03-16,1.12150
2016-03-15,1.11062
2016-03-14,1.11029
2016-03-11,1.11520
2016-03-10,1.11791
2016-03-09,1.09964
2016-03-08,1.10048
2016-03-07,1.10143
2016-03-04,1.10040
2016-03-03,1.09488
2016-03-02,1.08692
2016-03-01,1.08665
2016-02-29,1.08837
2016-02-26,1.09310
2016-02-25,1.10199
2016-02-24,1.10163
2016-02-23,1.10195
2016-02-22,1.10271
2016-02-19,1.11264
2016-02-18,1.11088
2016-02-17,1.11286
2016-02-16,1.11359
2016-02-15,1.11631
2016-02-12,1.12540
2016-02-11,1.13129
2016-02-10,1.12776
2016-02-09,1.12870
2016-02-08,1.11987
2016-02-05,1.11521
2016-02-04,1.11999
2016-02-03,1.10811
2016-02-02,1.09238
2016-02-01,1.08894
2016-01-29,1.08270
2016-01-28,1.09380
2016-01-27,1.09023
2016-01-26,1.08651
2016-01-25,1.08494
2016-01-22,1.07934
2016-01-21,1.08705
2016-01-20,1.08916
2016-01-19,1.09114
2016-01-18,1.08906
2016-01-15,1.09140
2016-01-14,1.08608
2016-01-13,1.08819
2016-01-12,1.08474
2016-01-11,1.08621
2016-01-08,1.09193
2016-01-07,1.09210
2016-01-06,1.07744
2016-01-05,1.07524
2016-01-04,1.08286
2016-01-01,1.08584
2015-12-31,1.08584
2015-12-30,1.09252
2015-12-29,1.09222
2015-12-28,1.09745
2015-12-25,1.09730
2015-12-24,1.09660
2015-12-23,1.09031
2015-12-22,1.09502
2015-12-21,1.09080
2015-12-18,1.08629
2015-12-17,1.08341
2015-12-16,1.08909
2015-12-15,1.09325
2015-12-14,1.09993
2015-12-11,1.09865
2015-12-10,1.09398
2015-12-09,1.10170
2015-12-08,1.08935
2015-12-07,1.08321
2015-12-04,1.08818
2015-12-03,1.09268
2015-12-02,1.06077
2015-12-01,1.06245
2015-11-30,1.05714
2015-11-27,1.05874
2015-11-26,1.06037
2015-11-25,1.06206
2015-11-24,1.06449
2015-11-23,1.06335
2015-11-20,1.06419
2015-11-19,1.07290
2015-11-18,1.06601
2015-11-17,1.06456
2015-11-16,1.06835
2015-11-13,1.07720
2015-11-12,1.08066
2015-11-11,1.07579
2015-11-10,1.07206
2015-11-09,1.07557
2015-11-06,1.07356
2015-11-05,1.08824
2015-11-04,1.08669
2015-11-03,1.09620
2015-11-02,1.10134
2015-10-30,1.10110
2015-10-29,1.09869
2015-10-28,1.09295
2015-10-27,1.10369
2015-10-26,1.10595
2015-10-23,1.10150
2015-10-22,1.11060
2015-10-21,1.13411
2015-10-20,1.13524
2015-10-19,1.13269
2015-10-16,1.13473
2015-10-15,1.13760
2015-10-14,1.14741
2015-10-13,1.13868
2015-10-12,1.13559
2015-10-09,1.13550
2015-10-08,1.12892
2015-10-07,1.12366
2015-10-06,1.12646
2015-10-05,1.11905
2015-10-02,1.12070
2015-10-01,1.11906
2015-09-30,1.11715
2015-09-29,1.12545
2015-09-28,1.12343
2015-09-25,1.11920
2015-09-24,1.11766
2015-09-23,1.11860
2015-09-22,1.11307
2015-09-21,1.11864
2015-09-18,1.13080
2015-09-17,1.14138
2015-09-16,1.12919
2015-09-15,1.12714
2015-09-14,1.13100
2015-09-11,1.13390
2015-09-10,1.12875
2015-09-09,1.12179
2015-09-08,1.12070
2015-09-07,1.11706
2015-09-04,1.11490
2015-09-03,1.11198
2015-09-02,1.12211
2015-09-01,1.12980
2015-08-31,1.12177
2015-08-28,1.11798
2015-08-27,1.12415
2015-08-26,1.13372
2015-08-25,1.15287
2015-08-24,1.15972
2015-08-21,1.13836
2015-08-20,1.12328
2015-08-19,1.11152
2015-08-18,1.10254
2015-08-17,1.10761
2015-08-14,1.11040
2015-08-13,1.11532
2015-08-12,1.11553
2015-08-11,1.10438
2015-08-10,1.10175
2015-08-07,1.09617
2015-08-06,1.09260
2015-08-05,1.09017
2015-08-04,1.08893
2015-08-03,1.09528
2015-07-31,1.09804
2015-07-30,1.09309
2015-07-29,1.09887
2015-07-28,1.10625
2015-07-27,1.10858
2015-07-24,1.09800
2015-07-23,1.09840
2015-07-22,1.09297
2015-07-21,1.09359
2015-07-20,1.08293
2015-07-17,1.08280
2015-07-16,1.08792
2015-07-15,1.09586
2015-07-14,1.10123
2015-07-13,1.10067
2015-07-10,1.11516
2015-07-09,1.10703
2015-07-08,1.10749
2015-07-07,1.10044
2015-07-06,1.10542
2015-07-03,1.11150
2015-07-02,1.10894
2015-07-01,1.10440
2015-06-30,1.11288
2015-06-29,1.12158
2015-06-26,1.11617
2015-06-25,1.12006
2015-06-24,1.12051
2015-06-23,1.11712
2015-06-22,1.13416
2015-06-19,1.13500
2015-06-18,1.13717
2015-06-17,1.13410
2015-06-16,1.12466
2015-06-15,1.12760
2015-06-12,1.12571
2015-06-11,1.12392
2015-06-10,1.13236
2015-06-09,1.12727
2015-06-08,1.12793
2015-06-05,1.11068
2015-06-04,1.12027
2015-06-03,1.12654
2015-06-02,1.11511
2015-06-01,1.09275
2015-05-29,1.09908
2015-05-28,1.09691
2015-05-27,1.09037
2015-05-26,1.08850
2015-05-25,1.09770
2015-05-22,1.10020
2015-05-21,1.11078
2015-05-20,1.10952
2015-05-19,1.11461
2015-05-18,1.13143
2015-05-15,1.14420
2015-05-14,1.14034
2015-05-13,1.13527
2015-05-12,1.12153
2015-05-11,1.11484
2015-05-08,1.11920
2015-05-07,1.12380
2015-05-06,1.13429
2015-05-05,1.11796
2015-05-04,1.11454
2015-05-01,1.11958
2015-04-30,1.12109
2015-04-29,1.11180
2015-04-28,1.09748
2015-04-27,1.08750
2015-04-24,1.08695
2015-04-23,1.08148
2015-04-22,1.07192
2015-04-21,1.07375
2015-04-20,1.07377
2015-04-17,1.08051
2015-04-16,1.07600
2015-04-15,1.06756
2015-04-14,1.06506
2015-04-13,1.05725
2015-04-10,1.05968
2015-04-09,1.06633
2015-04-08,1.07835
2015-04-07,1.08240
2015-04-06,1.09308
2015-04-03,1.09635
2015-04-02,1.08757
2015-04-01,1.07696
2015-03-31,1.07393
2015-03-30,1.08289
2015-03-27,1.08935
2015-03-26,1.08789
2015-03-25,1.09641
2015-03-24,1.09130
2015-03-23,1.09584
2015-03-20,1.08115
2015-03-19,1.06683
2015-03-18,1.08223
2015-03-17,1.05937
2015-03-16,1.05700
2015-03-13,1.05000
2015-03-12,1.06220
2015-03-11,1.05507
2015-03-10,1.06859
2015-03-09,1.08471
2015-03-06,1.08455
2015-03-05,1.10309
2015-03-04,1.10804
2015-03-03,1.11801
2015-03-02,1.11789
2015-02-27,1.11865
2015-02-26,1.11942
2015-02-25,1.13643
2015-02-24,1.13398
2015-02-23,1.13360
2015-02-20,1.13793
2015-02-19,1.13624
2015-02-18,1.14021
2015-02-17,1.14090
2015-02-16,1.13455
2015-02-13,1.13775
2015-02-12,1.14007
2015-02-11,1.13293
2015-02-10,1.13156
2015-02-09,1.13244
2015-02-06,1.13095
2015-02-05,1.14760
2015-02-04,1.13340
2015-02-03,1.14642
2015-02-02,1.13353
2015-01-30,1.12859
2015-01-29,1.13280
2015-01-28,1.12763
2015-01-27,1.13708
2015-01-26,1.12358
2015-01-23,1.12031
2015-01-22,1.13693
2015-01-21,1.16136
2015-01-20,1.15538
2015-01-19,1.16044
2015-01-16,1.15689
2015-01-15,1.16269
2015-01-14,1.17885
2015-01-13,1.17756
2015-01-12,1.18292
2015-01-09,1.18359
2015-01-08,1.17898
2015-01-07,1.18337
2015-01-06,1.18720
2015-01-05,1.19324
2015-01-02,1.19965
2015-01-01,1.21015
2014-12-31,1.20959
2014-12-30,1.21562
2014-12-26,1.21810
2014-12-25,1.22259
2014-12-24,1.21962
2014-12-23,1.21718
2014-12-22,1.22273
2014-12-19,1.22255
2014-12-18,1.22871
2014-12-17,1.23305
2014-12-16,1.25106
2014-12-15,1.24454
2014-12-12,1.24600
2014-12-11,1.24063
2014-12-10,1.24454
2014-12-09,1.23777
2014-12-08,1.23163
2014-12-05,1.22850
2014-12-04,1.23776
2014-12-03,1.23066
2014-12-02,1.23825
2014-12-01,1.24723
2014-11-28,1.24510
2014-11-27,1.24581
2014-11-26,1.25066
2014-11-25,1.24731
2014-11-24,1.24380
2014-11-21,1.23900
2014-11-20,1.25419
2014-11-19,1.25450
2014-11-18,1.25310
2014-11-17,1.24494
2014-11-14,1.25220
2014-11-13,1.24752
2014-11-12,1.24280
2014-11-11,1.24730
2014-11-10,1.24238
2014-11-07,1.24540
2014-11-06,1.23750
2014-11-05,1.24850
2014-11-04,1.25450
2014-11-03,1.24800
2014-10-31,1.25210
2014-10-30,1.26140
2014-10-29,1.26360
2014-10-28,1.27330
2014-10-27,1.26960
2014-10-24,1.26690
2014-10-23,1.26450
2014-10-22,1.26430
2014-10-21,1.27100
2014-10-20,1.27940
2014-10-17,1.27580
2014-10-16,1.28010
2014-10-15,1.28170
2014-10-14,1.26580
2014-10-13,1.27400
2014-10-10,1.26270
2014-10-09,1.26890
2014-10-08,1.27300
2014-10-07,1.26640
2014-10-06,1.26520
2014-10-03,1.25120
2014-10-02,1.26700
2014-10-01,1.26180
2014-09-30,1.26300
2014-09-29,1.26880
2014-09-26,1.26830
2014-09-25,1.27510
2014-09-24,1.27770
2014-09-23,1.28480
2014-09-22,1.28460
2014-09-19,1.28290
2014-09-18,1.29150
2014-09-17,1.28440
2014-09-16,1.29570
2014-09-15,1.29390
2014-09-12,1.29610
2014-09-11,1.29240
2014-09-10,1.29160
2014-09-09,1.29400
2014-09-08,1.28970
2014-09-05,1.29510
2014-09-04,1.29360
2014-09-03,1.31480
2014-09-02,1.31320
2014-09-01,1.31280
2014-08-29,1.31330
2014-08-28,1.31830
2014-08-27,1.31940
2014-08-26,1.31680
2014-08-25,1.31890
2014-08-22,1.32450
2014-08-21,1.32820
2014-08-20,1.32580
2014-08-19,1.33180
2014-08-18,1.33610
2014-08-15,1.33980
2014-08-14,1.33630
2014-08-13,1.33630
2014-08-12,1.33670
2014-08-11,1.33840
2014-08-08,1.34100
2014-08-07,1.33610
2014-08-06,1.33830
2014-08-05,1.33710
2014-08-04,1.34220
2014-08-01,1.34300
2014-07-31,1.33870
2014-07-30,1.33940
2014-07-29,1.34090
2014-07-28,1.34400
2014-07-25,1.34340
2014-07-24,1.34620
2014-07-23,1.34630
2014-07-22,1.34660
2014-07-21,1.35230
2014-07-18,1.35240
2014-07-17,1.35260
2014-07-16,1.35250
2014-07-15,1.35680
2014-07-14,1.36190
2014-07-11,1.36050
2014-07-10,1.36060
2014-07-09,1.36400
2014-07-08,1.36110
2014-07-07,1.36060
2014-07-04,1.35960
2014-07-03,1.36090
2014-07-02,1.36570
2014-07-01,1.36790
2014-06-30,1.36920
2014-06-27,1.36470
2014-06-26,1.36120
2014-06-25,1.36300
2014-06-24,1.36030
2014-06-23,1.36040
2014-06-20,1.36000
2014-06-19,1.36060
2014-06-18,1.35890
2014-06-17,1.35450
2014-06-16,1.35720
2014-06-13,1.35390
2014-06-12,1.35490
2014-06-11,1.35340
2014-06-10,1.35460
2014-06-09,1.35920
2014-06-06,1.36410
2014-06-05,1.36630
2014-06-04,1.36000
2014-06-03,1.36260
2014-06-02,1.35970
2014-05-30,1.36340
2014-05-29,1.36010
2014-05-28,1.35920
2014-05-27,1.36330
2014-05-26,1.36430
2014-05-23,1.36270
2014-05-22,1.36560
2014-05-21,1.36840
2014-05-20,1.36980
2014-05-19,1.37070
2014-05-16,1.36920
2014-05-15,1.37100
2014-05-14,1.37130
2014-05-13,1.37040
2014-05-12,1.37580
2014-05-09,1.37510
2014-05-08,1.38390
2014-05-07,1.39100
2014-05-06,1.39240
2014-05-05,1.38740
2014-05-02,1.38690
2014-05-01,1.38670
2014-04-30,1.38630
2014-04-29,1.38120
2014-04-28,1.38490
2014-04-25,1.38310
2014-04-24,1.38310
2014-04-23,1.38160
2014-04-22,1.38050
2014-04-21,1.37930
2014-04-18,1.38080
2014-04-17,1.38130
2014-04-16,1.38150
2014-04-15,1.38120
2014-04-14,1.38180
2014-04-11,1.38840
2014-04-10,1.38870
2014-04-09,1.38530
2014-04-08,1.37940
2014-04-07,1.37410
2014-04-04,1.37060
2014-04-03,1.37160
2014-04-02,1.37640
2014-04-01,1.37930
2014-03-31,1.37730
2014-03-28,1.37480
2014-03-27,1.37400
2014-03-26,1.37840
2014-03-25,1.38240
2014-03-24,1.38370
2014-03-21,1.37930
2014-03-20,1.37790
2014-03-19,1.38150
2014-03-18,1.39330
2014-03-17,1.39210
2014-03-14,1.39110
2014-03-13,1.38700
2014-03-12,1.39000
2014-03-11,1.38580
2014-03-10,1.38760
2014-03-07,1.38730
2014-03-06,1.38590
2014-03-05,1.37320
2014-03-04,1.37400
2014-03-03,1.37340
2014-02-28,1.37970
2014-02-27,1.37090
2014-02-26,1.36860
2014-02-25,1.37440
2014-02-24,1.37340
2014-02-21,1.37360
2014-02-20,1.37170
2014-02-19,1.37330
2014-02-18,1.37570
2014-02-17,1.37060
2014-02-14,1.36910
2014-02-13,1.36780
2014-02-12,1.35920
2014-02-11,1.36370
2014-02-10,1.36440
2014-02-07,1.36310
2014-02-06,1.35890
2014-02-05,1.35310
2014-02-04,1.35180
2014-02-03,1.35260
2014-01-31,1.34870
2014-01-30,1.35540
2014-01-29,1.36620
2014-01-28,1.36680
2014-01-27,1.36730
2014-01-24,1.36780
2014-01-23,1.36950
2014-01-22,1.35450
2014-01-21,1.35590
2014-01-20,1.35510
2014-01-17,1.35370
2014-01-16,1.36190
2014-01-15,1.36050
2014-01-14,1.36780
2014-01-13,1.36710
2014-01-10,1.36680
2014-01-09,1.36050
2014-01-08,1.35730
2014-01-07,1.36140
2014-01-06,1.36270
2014-01-03,1.35860
2014-01-02,1.36700
2014-01-01,1.37520
2013-12-31,1.37410
2013-12-30,1.38020
2013-12-27,1.37460
2013-12-26,1.36890
2013-12-25,1.36790
2013-12-24,1.36780
2013-12-23,1.36950
2013-12-20,1.36680
2013-12-19,1.36600
2013-12-18,1.36840
2013-12-17,1.37670
2013-12-16,1.37600
2013-12-13,1.37400
2013-12-12,1.37520
2013-12-11,1.37850
2013-12-10,1.37610
2013-12-09,1.37380
2013-12-06,1.37040
2013-12-05,1.36660
2013-12-04,1.35920
2013-12-03,1.35890
2013-12-02,1.35410
2013-11-29,1.35860
2013-11-28,1.36040
2013-11-27,1.35790
2013-11-26,1.35720
2013-11-25,1.35160
2013-11-22,1.35570
2013-11-21,1.34800
2013-11-20,1.34390
2013-11-19,1.35380
2013-11-18,1.35050
2013-11-15,1.34950
2013-11-14,1.34570
2013-11-13,1.34860
2013-11-12,1.34340
2013-11-11,1.34050
2013-11-08,1.33690
2013-11-07,1.34190
2013-11-06,1.35120
2013-11-05,1.34740
2013-11-04,1.35140
2013-11-01,1.34860
2013-10-31,1.35860
2013-10-30,1.37370
2013-10-29,1.37460
2013-10-28,1.37850
2013-10-25,1.38030
2013-10-24,1.37990
2013-10-23,1.37750
2013-10-22,1.37770
2013-10-21,1.36760
2013-10-18,1.36820
2013-10-17,1.36730
2013-10-16,1.35360
2013-10-15,1.35240
2013-10-14,1.35580
2013-10-11,1.35450
2013-10-10,1.35250
2013-10-09,1.35220
2013-10-08,1.35730
2013-10-07,1.35760
2013-10-04,1.35560
2013-10-03,1.36210
2013-10-02,1.35810
2013-10-01,1.35220
2013-09-30,1.35220
2013-09-27,1.35220
2013-09-26,1.34860
2013-09-25,1.35210
2013-09-24,1.34690
2013-09-23,1.34930
2013-09-20,1.35220
2013-09-19,1.35280
2013-09-18,1.35070
2013-09-17,1.33570
2013-09-16,1.33350
2013-09-13,1.32900
2013-09-12,1.32980
2013-09-11,1.33100
2013-09-10,1.32650
2013-09-09,1.32520
2013-09-06,1.31770
2013-09-05,1.31170
2013-09-04,1.32020
2013-09-03,1.31650
2013-09-02,1.31940
2013-08-30,1.32180
2013-08-29,1.32370
2013-08-28,1.33390
2013-08-27,1.33890
2013-08-26,1.33690
2013-08-23,1.33810
2013-08-22,1.33550
2013-08-21,1.33560
2013-08-20,1.34170
2013-08-19,1.33350
2013-08-16,1.33280
2013-08-15,1.33500
2013-08-14,1.32570
2013-08-13,1.32600
2013-08-12,1.32980
2013-08-09,1.33350
2013-08-08,1.33800
2013-08-07,1.33360
2013-08-06,1.33070
2013-08-05,1.32610
2013-08-02,1.32760
2013-08-01,1.32090
2013-07-31,1.32960
2013-07-30,1.32630
2013-07-29,1.32600
2013-07-26,1.32750
2013-07-25,1.32750
2013-07-24,1.31960
2013-07-23,1.32220
2013-07-22,1.31840
2013-07-19,1.31390
2013-07-18,1.31110
2013-07-17,1.31220
2013-07-16,1.31510
2013-07-15,1.30660
2013-07-12,1.30620
2013-07-11,1.30940
2013-07-10,1.30230
2013-07-09,1.27860
2013-07-08,1.28420
2013-07-05,1.28270
2013-07-04,1.29120
2013-07-03,1.30090
2013-07-02,1.29820
2013-07-01,1.30610
2013-06-28,1.30200
2013-06-27,1.30370
2013-06-26,1.30070
2013-06-25,1.30810
2013-06-24,1.31220
2013-06-21,1.31150
2013-06-20,1.32260
2013-06-19,1.32950
2013-06-18,1.33940
2013-06-17,1.33630
2013-06-14,1.33450
2013-06-13,1.33720
2013-06-12,1.33380
2013-06-11,1.33120
2013-06-10,1.32560
2013-06-07,1.32160
2013-06-06,1.32380
2013-06-05,1.30920
2013-06-04,1.30810
2013-06-03,1.30690
2013-05-31,1.29930
2013-05-30,1.30450
2013-05-29,1.29390
2013-05-28,1.28520
2013-05-27,1.29370
2013-05-24,1.29320
2013-05-23,1.29320
2013-05-22,1.28520
2013-05-21,1.29050
2013-05-20,1.28830
2013-05-17,1.28380
2013-05-16,1.28830
2013-05-15,1.28800
2013-05-14,1.29310
2013-05-13,1.29810
2013-05-10,1.29920
2013-05-09,1.30440
2013-05-08,1.31570
2013-05-07,1.30780
2013-05-06,1.30730
2013-05-03,1.31140
2013-05-02,1.30620
2013-05-01,1.31840
2013-04-30,1.31660
2013-04-29,1.30930
2013-04-26,1.30290
2013-04-25,1.30090
2013-04-24,1.30120
2013-04-23,1.30000
2013-04-22,1.30610
2013-04-19,1.30530
2013-04-18,1.30500
2013-04-17,1.30350
2013-04-16,1.31780
2013-04-15,1.30450
2013-04-12,1.31070
2013-04-11,1.31070
2013-04-10,1.30680
2013-04-09,1.30790
2013-04-08,1.30170
2013-04-05,1.29890
2013-04-04,1.29320
2013-04-03,1.28420
2013-04-02,1.28210
2013-04-01,1.28420
2013-03-29,1.28190
2013-03-28,1.28140
2013-03-27,1.27760
2013-03-26,1.28550
2013-03-25,1.28450
2013-03-22,1.29880
2013-03-21,1.28930
2013-03-20,1.29410
2013-03-19,1.28660
2013-03-18,1.29590
2013-03-15,1.30760
2013-03-14,1.30020
2013-03-13,1.29570
2013-03-12,1.30240
2013-03-11,1.30450
2013-03-08,1.30010
2013-03-07,1.31070
2013-03-06,1.29660
2013-03-05,1.30500
2013-03-04,1.30250
2013-03-01,1.30200
2013-02-28,1.30560
2013-02-27,1.31350
2013-02-26,1.30620
2013-02-25,1.30580
2013-02-22,1.31870
2013-02-21,1.31880
2013-02-20,1.32830
2013-02-19,1.33860
2013-02-18,1.33510
2013-02-15,1.33570
2013-02-14,1.33610
2013-02-13,1.34490
2013-02-12,1.34520
2013-02-11,1.34010
2013-02-08,1.33640
2013-02-07,1.33960
2013-02-06,1.35210
2013-02-05,1.35810
2013-02-04,1.35080
2013-02-01,1.36390
2013-01-31,1.35760
2013-01-30,1.35640
2013-01-29,1.34900
2013-01-28,1.34510
2013-01-25,1.34570
2013-01-24,1.33750
2013-01-23,1.33180
2013-01-22,1.33210
2013-01-21,1.33110
2013-01-18,1.33130
2013-01-17,1.33770
2013-01-16,1.32870
2013-01-15,1.33040
2013-01-14,1.33830
2013-01-11,1.33420
2013-01-10,1.32670
2013-01-09,1.30630
2013-01-08,1.30800
2013-01-07,1.31160
2013-01-04,1.30660
2013-01-03,1.30480
2013-01-02,1.31840
2013-01-01,1.32000
2012-12-31,1.31920
2012-12-28,1.32170
2012-12-27,1.32350
2012-12-26,1.32220
2012-12-25,1.31810
2012-12-24,1.31850
2012-12-21,1.31870
2012-12-20,1.32430
2012-12-19,1.32250
2012-12-18,1.32270
2012-12-17,1.31610
2012-12-14,1.31600
2012-12-13,1.30760
2012-12-12,1.30730
2012-12-11,1.30050
2012-12-10,1.29400
2012-12-07,1.29230
2012-12-06,1.29690
2012-12-05,1.30640
2012-12-04,1.30950
2012-12-03,1.30510
2012-11-30,1.29850
2012-11-29,1.29780
2012-11-28,1.29520
2012-11-27,1.29430
2012-11-26,1.29710
2012-11-23,1.29760
2012-11-22,1.28850
2012-11-21,1.28290
2012-11-20,1.28160
2012-11-19,1.28140
2012-11-16,1.27400
2012-11-15,1.27790
2012-11-14,1.27350
2012-11-13,1.27030
2012-11-12,1.27080
2012-11-09,1.27090
2012-11-08,1.27450
2012-11-07,1.27700
2012-11-06,1.28120
2012-11-05,1.27940
2012-11-02,1.28410
2012-11-01,1.29390
2012-10-31,1.29550
2012-10-30,1.29620
2012-10-29,1.29010
2012-10-26,1.29350
2012-10-25,1.29400
2012-10-24,1.29680
2012-10-23,1.29840
2012-10-22,1.30630
2012-10-19,1.30220
2012-10-18,1.30670
2012-10-17,1.31150
2012-10-16,1.30970
2012-10-15,1.29420
2012-10-12,1.29530
2012-10-11,1.29310
2012-10-10,1.28500
2012-10-09,1.28820
2012-10-08,1.29650
2012-10-05,1.30290
2012-10-04,1.30170
2012-10-03,1.29090
2012-10-02,1.29150
2012-10-01,1.28860
2012-09-28,1.28570
2012-09-27,1.29130
2012-09-26,1.28720
2012-09-25,1.29040
2012-09-24,1.29290
2012-09-21,1.29710
2012-09-20,1.29640
2012-09-19,1.30450
2012-09-18,1.30440
2012-09-17,1.31120
2012-09-14,1.31370
2012-09-13,1.29850
2012-09-12,1.28980
2012-09-11,1.28510
2012-09-10,1.27580
2012-09-07,1.28150
2012-09-06,1.26310
2012-09-05,1.26000
2012-09-04,1.25640
2012-09-03,1.25860
2012-08-31,1.25760
2012-08-30,1.25020
2012-08-29,1.25270
2012-08-28,1.25640
2012-08-27,1.24960
2012-08-24,1.25120
2012-08-23,1.25640
2012-08-22,1.25290
2012-08-21,1.24700
2012-08-20,1.23450
2012-08-17,1.23210
2012-08-16,1.23560
2012-08-15,1.22860
2012-08-14,1.23180
2012-08-13,1.23320
2012-08-10,1.22880
2012-08-09,1.23010
2012-08-08,1.23640
2012-08-07,1.23970
2012-08-06,1.24000
2012-08-03,1.23860
2012-08-02,1.21830
2012-08-01,1.22280
2012-07-31,1.22970
2012-07-30,1.22560
2012-07-27,1.23210
2012-07-26,1.22780
2012-07-25,1.21490
2012-07-24,1.20600
2012-07-23,1.21130
2012-07-20,1.21540
2012-07-19,1.22750
2012-07-18,1.22780
2012-07-17,1.22870
2012-07-16,1.22690
2012-07-13,1.22430
2012-07-12,1.22000
2012-07-11,1.22400
2012-07-10,1.22510
2012-07-09,1.23130
2012-07-06,1.22810
2012-07-05,1.23900
2012-07-04,1.25260
2012-07-03,1.26050
2012-07-02,1.25840
2012-06-29,1.26600
2012-06-28,1.24410
2012-06-27,1.24650
2012-06-26,1.24910
2012-06-25,1.25010
2012-06-22,1.25700
2012-06-21,1.25460
2012-06-20,1.27000
2012-06-19,1.26860
2012-06-18,1.25760
2012-06-15,1.26360
2012-06-14,1.26270
2012-06-13,1.25640
2012-06-12,1.25040
2012-06-11,1.24650
2012-06-08,1.25040
2012-06-07,1.25620
2012-06-06,1.25760
2012-06-05,1.24500
2012-06-04,1.24950
2012-06-01,1.24320
2012-05-31,1.23590
2012-05-30,1.23670
2012-05-29,1.24850
2012-05-28,1.25390
2012-05-25,1.25120
2012-05-24,1.25350
2012-05-23,1.25860
2012-05-22,1.26780
2012-05-21,1.28080
2012-05-18,1.27780
2012-05-17,1.26830
2012-05-16,1.27160
2012-05-15,1.27350
2012-05-14,1.28250
2012-05-11,1.29190
2012-05-10,1.29310
2012-05-09,1.29320
2012-05-08,1.29990
2012-05-07,1.30570
2012-05-04,1.30820
2012-05-03,1.31510
2012-05-02,1.31540
2012-05-01,1.32380
2012-04-30,1.32410
2012-04-27,1.32550
2012-04-26,1.31900
2012-04-25,1.32230
2012-04-24,1.31940
2012-04-23,1.31550
2012-04-20,1.32200
2012-04-19,1.31340
2012-04-18,1.31180
2012-04-17,1.31270
2012-04-16,1.31330
2012-04-13,1.30750
2012-04-12,1.31830
2012-04-11,1.31100
2012-04-10,1.30810
2012-04-09,1.31090
2012-04-06,1.30950
2012-04-05,1.30600
2012-04-04,1.31390
2012-04-03,1.32350
2012-04-02,1.33160
2012-03-30,1.33380
2012-03-29,1.32980
2012-03-28,1.33140
2012-03-27,1.33190
2012-03-26,1.33570
2012-03-23,1.32680
2012-03-22,1.31960
2012-03-21,1.32110
2012-03-20,1.32230
2012-03-19,1.32360
2012-03-16,1.31750
2012-03-15,1.30770
2012-03-14,1.30270
2012-03-13,1.30790
2012-03-12,1.31470
2012-03-09,1.31200
2012-03-08,1.32740
2012-03-07,1.31480
2012-03-06,1.31130
2012-03-05,1.32160
2012-03-02,1.32000
2012-03-01,1.33110
2012-02-29,1.33230
2012-02-28,1.34620
2012-02-27,1.33970
2012-02-24,1.34480
2012-02-23,1.33710
2012-02-22,1.32500
2012-02-21,1.32350
2012-02-20,1.32400
2012-02-17,1.31430
2012-02-16,1.31330
2012-02-15,1.30660
2012-02-14,1.31300
2012-02-13,1.31850
2012-02-10,1.31960
2012-02-09,1.32850
2012-02-08,1.32580
2012-02-07,1.32600
2012-02-06,1.31310
2012-02-03,1.31560
2012-02-02,1.31430
2012-02-01,1.31570
2012-01-31,1.30800
2012-01-30,1.31410
2012-01-27,1.32160
2012-01-26,1.31070
2012-01-25,1.31050
2012-01-24,1.30350
2012-01-23,1.30160
2012-01-20,1.29290
2012-01-19,1.29680
2012-01-18,1.28620
2012-01-17,1.27350
2012-01-16,1.26660
2012-01-13,1.26730
2012-01-12,1.28130
2012-01-11,1.27070
2012-01-10,1.27750
2012-01-09,1.27650
2012-01-06,1.27160
2012-01-05,1.27890
2012-01-04,1.29440
2012-01-03,1.30500
2012-01-02,1.29320
2011-12-30,1.29560
2011-12-29,1.29590
2011-12-28,1.29400
2011-12-27,1.30690
2011-12-26,1.30580
2011-12-23,1.30450
2011-12-22,1.30480
2011-12-21,1.30460
2011-12-20,1.30810
2011-12-19,1.29970
2011-12-16,1.30410
2011-12-15,1.30150
2011-12-14,1.29820
2011-12-13,1.30350
2011-12-12,1.31870
2011-12-09,1.33840
2011-12-08,1.33420
2011-12-07,1.34110
2011-12-06,1.34000
2011-12-05,1.33980
2011-12-02,1.33920
2011-12-01,1.34610
2011-11-30,1.34450
2011-11-29,1.33160
2011-11-28,1.33170
2011-11-25,1.32340
2011-11-24,1.33450
2011-11-23,1.33400
2011-11-22,1.35060
2011-11-21,1.34920
2011-11-18,1.35220
2011-11-17,1.34570
2011-11-16,1.34640
2011-11-15,1.35360
2011-11-14,1.36330
2011-11-11,1.37460
2011-11-10,1.36030
2011-11-09,1.35410
2011-11-08,1.38320
2011-11-07,1.37750
2011-11-04,1.37890
2011-11-03,1.38120
2011-11-02,1.37470
2011-11-01,1.36960
2011-10-31,1.38570
2011-10-28,1.41460
2011-10-27,1.41830
2011-10-26,1.38940
2011-10-25,1.39090
2011-10-24,1.39300
2011-10-21,1.38920
2011-10-20,1.37750
2011-10-19,1.37590
2011-10-18,1.37340
2011-10-17,1.37340
2011-10-14,1.38750
2011-10-13,1.37690
2011-10-12,1.37780
2011-10-11,1.36470
2011-10-10,1.36360
2011-10-07,1.33760
2011-10-06,1.34270
2011-10-05,1.33490
2011-10-04,1.33370
2011-10-03,1.31830
2011-09-30,1.33860
2011-09-29,1.35810
2011-09-28,1.35250
2011-09-27,1.35880
2011-09-26,1.35250
2011-09-23,1.34990
2011-09-22,1.34590
2011-09-21,1.35850
2011-09-20,1.37010
2011-09-19,1.36750
2011-09-16,1.37920
2011-09-15,1.38820
2011-09-14,1.37410
2011-09-13,1.36790
2011-09-12,1.36590
2011-09-09,1.36560
2011-09-08,1.38840
2011-09-07,1.40940
2011-09-06,1.40020
2011-09-05,1.40940
2011-09-02,1.42070
2011-09-01,1.42600
2011-08-31,1.43790
2011-08-30,1.44370
2011-08-29,1.45130
2011-08-26,1.44980
2011-08-25,1.43720
2011-08-24,1.44070
2011-08-23,1.44340
2011-08-22,1.43550
2011-08-19,1.43930
2011-08-18,1.43220
2011-08-17,1.44240
2011-08-16,1.43990
2011-08-15,1.44480
2011-08-12,1.42450
2011-08-11,1.42370
2011-08-10,1.41620
2011-08-09,1.43910
2011-08-08,1.41650
2011-08-05,1.42780
2011-08-04,1.40910
2011-08-03,1.43590
2011-08-02,1.41890
2011-08-01,1.42530
2011-07-29,1.43980
2011-07-28,1.43270
2011-07-27,1.43680
2011-07-26,1.45110
2011-07-25,1.43770
2011-07-22,1.43540
2011-07-21,1.44180
2011-07-20,1.42200
2011-07-19,1.41530
2011-07-18,1.41030
2011-07-15,1.41490
2011-07-14,1.41460
2011-07-13,1.42330
2011-07-12,1.39670
2011-07-11,1.40450
2011-07-08,1.42640
2011-07-07,1.43590
2011-07-06,1.43160
2011-07-05,1.44210
2011-07-04,1.45400
2011-07-01,1.45230
2011-06-30,1.44910
2011-06-29,1.44320
2011-06-28,1.43670
2011-06-27,1.42860
2011-06-24,1.41860
2011-06-23,1.42620
2011-06-22,1.43360
2011-06-21,1.44010
2011-06-20,1.43080
2011-06-17,1.43000
2011-06-16,1.42120
2011-06-15,1.41640
2011-06-14,1.44420
2011-06-13,1.44150
2011-06-10,1.43460
2011-06-09,1.45130
2011-06-08,1.45780
2011-06-07,1.46860
2011-06-06,1.45780
2011-06-03,1.46360
2011-06-02,1.44910
2011-06-01,1.43300
2011-05-31,1.43940
2011-05-30,1.42860
2011-05-27,1.43100
2011-05-26,1.41330
2011-05-25,1.40800
2011-05-24,1.41020
2011-05-23,1.40440
2011-05-20,1.41560
2011-05-19,1.43080
2011-05-18,1.42500
2011-05-17,1.42360
2011-05-16,1.41600
2011-05-13,1.41100
2011-05-12,1.42410
2011-05-11,1.41990
2011-05-10,1.44090
2011-05-09,1.43520
2011-05-06,1.43210
2011-05-05,1.45410
2011-05-04,1.48270
2011-05-03,1.48210
2011-05-02,1.48220
2011-04-29,1.48090
2011-04-28,1.48240
2011-04-27,1.47710
2011-04-26,1.46450
2011-04-25,1.45790
2011-04-22,1.45590
2011-04-21,1.45530
2011-04-20,1.45210
2011-04-19,1.43350
2011-04-18,1.42250
2011-04-15,1.44290
2011-04-14,1.44860
2011-04-13,1.44400
2011-04-12,1.44770
2011-04-11,1.44310
2011-04-08,1.44790
2011-04-07,1.43020
2011-04-06,1.43300
2011-04-05,1.42200
2011-04-04,1.42200
2011-04-01,1.42310
2011-03-31,1.41690
2011-03-30,1.41260
2011-03-29,1.41090
2011-03-28,1.40820
2011-03-25,1.40850
2011-03-24,1.41700
2011-03-23,1.40930
2011-03-22,1.41950
2011-03-21,1.42180
2011-03-18,1.41800
2011-03-17,1.40160
2011-03-16,1.39270
2011-03-15,1.39960
2011-03-14,1.39900
2011-03-11,1.39010
2011-03-10,1.37970
2011-03-09,1.39070
2011-03-08,1.39040
2011-03-07,1.39680
2011-03-04,1.39860
2011-03-03,1.39660
2011-03-02,1.38660
2011-03-01,1.37760
2011-02-28,1.38040
2011-02-25,1.37480
2011-02-24,1.37990
2011-02-23,1.37440
2011-02-22,1.36510
2011-02-21,1.36740
2011-02-18,1.36930
2011-02-17,1.36070
2011-02-16,1.35690
2011-02-15,1.34850
2011-02-14,1.34850
2011-02-11,1.35470
2011-02-10,1.35990
2011-02-09,1.37330
2011-02-08,1.36240
2011-02-07,1.35830
2011-02-04,1.35820
2011-02-03,1.36300
2011-02-02,1.38080
2011-02-01,1.38290
2011-01-31,1.36920
2011-01-28,1.36090
2011-01-27,1.37320
2011-01-26,1.37120
2011-01-25,1.36810
2011-01-24,1.36380
2011-01-21,1.36190
2011-01-20,1.34710
2011-01-19,1.34730
2011-01-18,1.33860
2011-01-17,1.32930
2011-01-14,1.33860
2011-01-13,1.33630
2011-01-12,1.31340
2011-01-11,1.29730
2011-01-10,1.29490
2011-01-07,1.29050
2011-01-06,1.30020
2011-01-05,1.31490
2011-01-04,1.33070
2011-01-03,1.33600
2010-12-31,1.33850
2010-12-30,1.32870
2010-12-29,1.32240
2010-12-28,1.31140
2010-12-27,1.31630
2010-12-24,1.31210
2010-12-23,1.31130
2010-12-22,1.30980
2010-12-21,1.31000
2010-12-20,1.31280
2010-12-17,1.31870
2010-12-16,1.32410
2010-12-15,1.32110
2010-12-14,1.33760
2010-12-13,1.33890
2010-12-10,1.32220
2010-12-09,1.32370
2010-12-08,1.32590
2010-12-07,1.32600
2010-12-06,1.33050
2010-12-03,1.34140
2010-12-02,1.32090
2010-12-01,1.31360
2010-11-30,1.29840
2010-11-29,1.31320
2010-11-26,1.32400
2010-11-25,1.33590
2010-11-24,1.33320
2010-11-23,1.33650
2010-11-22,1.36270
2010-11-19,1.36680
2010-11-18,1.36400
2010-11-17,1.35280
2010-11-16,1.34890
2010-11-15,1.35840
2010-11-12,1.36900
2010-11-11,1.36660
2010-11-10,1.37820
2010-11-09,1.37710
2010-11-08,1.39200
2010-11-05,1.40300
2010-11-04,1.42160
2010-11-03,1.41290
2010-11-02,1.40300
2010-11-01,1.38950
2010-10-29,1.39440
2010-10-28,1.39300
2010-10-27,1.37730
2010-10-26,1.38580
2010-10-25,1.39540
2010-10-22,1.39540
2010-10-21,1.39230
2010-10-20,1.39560
2010-10-19,1.37390
2010-10-18,1.39490
2010-10-15,1.39770
2010-10-14,1.40810
2010-10-13,1.39590
2010-10-12,1.39150
2010-10-11,1.38830
2010-10-08,1.39400
2010-10-07,1.39200
2010-10-06,1.39250
2010-10-05,1.38360
2010-10-04,1.36730
2010-10-01,1.37920
2010-09-30,1.36270
2010-09-29,1.36210
2010-09-28,1.35840
2010-09-27,1.34400
2010-09-24,1.34850
2010-09-23,1.33140
2010-09-22,1.33990
2010-09-21,1.32490
2010-09-20,1.30620
2010-09-17,1.30550
2010-09-16,1.30740
2010-09-15,1.30090
2010-09-14,1.29860
2010-09-13,1.28780
2010-09-10,1.26710
2010-09-09,1.26980
2010-09-08,1.27230
2010-09-07,1.26830
2010-09-06,1.28740
2010-09-03,1.28950
2010-09-02,1.28250
2010-09-01,1.28030
2010-08-31,1.26880
2010-08-30,1.26630
2010-08-27,1.27610
2010-08-26,1.27160
2010-08-25,1.26620
2010-08-24,1.26300
2010-08-23,1.26490
2010-08-20,1.27050
2010-08-19,1.28160
2010-08-18,1.28520
2010-08-17,1.28790
2010-08-16,1.28210
2010-08-13,1.27510
2010-08-12,1.28260
2010-08-11,1.28450
2010-08-10,1.31750
2010-08-09,1.32250
2010-08-06,1.32790
2010-08-05,1.31840
2010-08-04,1.31540
2010-08-03,1.32250
2010-08-02,1.31750
2010-07-30,1.30500
2010-07-29,1.30810
2010-07-28,1.29870
2010-07-27,1.30000
2010-07-26,1.29870
2010-07-23,1.29020
2010-07-22,1.28850
2010-07-21,1.27540
2010-07-20,1.28900
2010-07-19,1.29480
2010-07-16,1.29290
2010-07-15,1.29340
2010-07-14,1.27410
2010-07-13,1.27260
2010-07-12,1.25860
2010-07-09,1.26410
2010-07-08,1.26890
2010-07-07,1.26300
2010-07-06,1.26250
2010-07-05,1.25370
2010-07-02,1.25500
2010-07-01,1.25150
2010-06-30,1.22340
2010-06-29,1.21870
2010-06-28,1.22810
2010-06-25,1.23740
2010-06-24,1.23280
2010-06-23,1.23100
2010-06-22,1.22690
2010-06-21,1.23140
2010-06-18,1.23870
2010-06-17,1.23770
2010-06-16,1.23010
2010-06-15,1.23250
2010-06-14,1.22130
2010-06-11,1.21110
2010-06-10,1.21060
2010-06-09,1.19840
2010-06-08,1.19640
2010-06-07,1.19160
2010-06-04,1.19660
2010-06-03,1.21640
2010-06-02,1.22450
2010-06-01,1.22090
2010-05-31,1.23070
2010-05-28,1.22810
2010-05-27,1.23530
2010-05-26,1.21570
2010-05-25,1.23710
2010-05-24,1.23450
2010-05-21,1.25700
2010-05-20,1.24640
2010-05-19,1.24240
2010-05-18,1.21730
2010-05-17,1.23980
2010-05-14,1.23580
2010-05-13,1.25230
2010-05-12,1.26290
2010-05-11,1.26330
2010-05-10,1.27860
2010-05-07,1.27520
2010-05-06,1.26310
2010-05-05,1.28160
2010-05-04,1.29690
2010-05-03,1.31870
2010-04-30,1.32900
2010-04-29,1.32420
2010-04-28,1.32050
2010-04-27,1.31650
2010-04-26,1.33910
2010-04-23,1.33840
2010-04-22,1.32870
2010-04-21,1.33860
2010-04-20,1.34400
2010-04-19,1.34880
2010-04-16,1.35020
2010-04-15,1.35810
2010-04-14,1.36500
2010-04-13,1.36150
2010-04-12,1.35840
2010-04-09,1.34990
2010-04-08,1.33570
2010-04-07,1.33360
2010-04-06,1.33940
2010-04-05,1.34820
2010-04-02,1.35020
2010-04-01,1.35660
2010-03-31,1.35060
2010-03-30,1.34160
2010-03-29,1.34750
2010-03-26,1.34070
2010-03-25,1.32850
2010-03-24,1.33210
2010-03-23,1.34930
2010-03-22,1.35660
2010-03-19,1.35290
2010-03-18,1.36040
2010-03-17,1.37350
2010-03-16,1.37710
2010-03-15,1.36750
2010-03-12,1.37670
2010-03-11,1.36790
2010-03-10,1.36590
2010-03-09,1.35990
2010-03-08,1.36320
2010-03-05,1.36220
2010-03-04,1.35790
2010-03-03,1.36950
2010-03-02,1.36140
2010-03-01,1.35610
2010-02-26,1.36260
2010-02-25,1.35500
2010-02-24,1.35400
2010-02-23,1.35070
2010-02-22,1.35960
2010-02-19,1.36110
2010-02-18,1.35220
2010-02-17,1.36050
2010-02-16,1.37650
2010-02-15,1.35950
2010-02-12,1.36310
2010-02-11,1.36910
2010-02-10,1.37370
2010-02-09,1.37930
2010-02-08,1.36460
2010-02-05,1.36780
2010-02-04,1.37260
2010-02-03,1.38950
2010-02-02,1.39620
2010-02-01,1.39300
2010-01-29,1.38620
2010-01-28,1.39700
2010-01-27,1.40200
2010-01-26,1.40720
2010-01-25,1.41470
2010-01-22,1.41340
2010-01-21,1.40830
2010-01-20,1.41000
2010-01-19,1.42850
2010-01-18,1.43840
2010-01-15,1.43850
2010-01-14,1.45010
2010-01-13,1.45100
2010-01-12,1.44850
2010-01-11,1.45160
2010-01-08,1.44070
2010-01-07,1.43100
2010-01-06,1.44110
2010-01-05,1.43630
2010-01-04,1.44100
2010-01-01,1.43340
2009-12-31,1.43240
2009-12-30,1.43380
2009-12-29,1.43520
2009-12-28,1.43770
2009-12-25,1.43780
2009-12-24,1.43750
2009-12-23,1.43350
2009-12-22,1.42490
2009-12-21,1.42780
2009-12-18,1.43450
2009-12-17,1.43400
2009-12-16,1.45330
2009-12-15,1.45330
2009-12-14,1.46570
2009-12-11,1.46240
2009-12-10,1.47310
2009-12-09,1.47240
2009-12-08,1.47010
2009-12-07,1.48240
2009-12-04,1.48570
2009-12-03,1.50520
2009-12-02,1.50410
2009-12-01,1.50820
2009-11-30,1.50060
2009-11-27,1.49830
2009-11-26,1.50160
2009-11-25,1.51370
2009-11-24,1.49600
2009-11-23,1.49620
2009-11-20,1.48590
2009-11-19,1.49220
2009-11-18,1.49630
2009-11-17,1.48770
2009-11-16,1.49690
2009-11-13,1.49060
2009-11-12,1.48450
2009-11-11,1.49830
2009-11-10,1.49880
2009-11-09,1.49970
2009-11-06,1.48440
2009-11-05,1.48720
2009-11-04,1.48600
2009-11-03,1.47190
2009-11-02,1.47740
2009-10-30,1.47300
2009-10-29,1.48370
2009-10-28,1.47180
2009-10-27,1.48090
2009-10-26,1.48640
2009-10-23,1.50070
2009-10-22,1.50270
2009-10-21,1.50050
2009-10-20,1.49360
2009-10-19,1.49720
2009-10-16,1.49040
2009-10-15,1.49350
2009-10-14,1.49340
2009-10-13,1.48530
2009-10-12,1.47750
2009-10-09,1.47240
2009-10-08,1.47930
2009-10-07,1.46820
2009-10-06,1.47210
2009-10-05,1.46460
2009-10-02,1.45710
2009-10-01,1.45350
2009-09-30,1.46340
2009-09-29,1.45800
2009-09-28,1.46180
2009-09-25,1.46910
2009-09-24,1.46600
2009-09-23,1.47090
2009-09-22,1.47890
2009-09-21,1.46760
2009-09-18,1.47150
2009-09-17,1.47400
2009-09-16,1.47090
2009-09-15,1.46580
2009-09-14,1.46270
2009-09-11,1.45650
2009-09-10,1.45770
2009-09-09,1.45680
2009-09-08,1.44890
2009-09-07,1.43330
2009-09-04,1.42920
2009-09-03,1.42560
2009-09-02,1.42590
2009-09-01,1.42140
2009-08-31,1.43310
2009-08-28,1.43020
2009-08-27,1.43470
2009-08-26,1.42400
2009-08-25,1.42990
2009-08-24,1.42940
2009-08-21,1.43150
2009-08-20,1.42450
2009-08-19,1.42320
2009-08-18,1.41320
2009-08-17,1.40750
2009-08-14,1.42020
2009-08-13,1.42760
2009-08-12,1.42000
2009-08-11,1.41460
2009-08-10,1.41430
2009-08-07,1.41830
2009-08-06,1.43510
2009-08-05,1.44140
2009-08-04,1.43950
2009-08-03,1.44150
2009-07-31,1.42490
2009-07-30,1.40630
2009-07-29,1.40300
2009-07-28,1.41710
2009-07-27,1.42410
2009-07-24,1.42050
2009-07-23,1.41580
2009-07-22,1.42060
2009-07-21,1.42100
2009-07-20,1.42270
2009-07-17,1.40940
2009-07-16,1.41400
2009-07-15,1.41010
2009-07-14,1.39700
2009-07-13,1.39810
2009-07-10,1.39330
2009-07-09,1.40230
2009-07-08,1.38730
2009-07-07,1.39160
2009-07-06,1.39720
2009-07-03,1.40000
2009-07-02,1.39420
2009-07-01,1.41500
2009-06-30,1.40310
2009-06-29,1.40740
2009-06-26,1.40550
2009-06-25,1.39950
2009-06-24,1.39310
2009-06-23,1.40730
2009-06-22,1.38560
2009-06-19,1.39320
2009-06-18,1.39010
2009-06-17,1.39380
2009-06-16,1.38330
2009-06-15,1.37830
2009-06-12,1.40140
2009-06-11,1.40930
2009-06-10,1.39660
2009-06-09,1.40760
2009-06-08,1.38940
2009-06-05,1.39620
2009-06-04,1.41750
2009-06-03,1.41370
2009-06-02,1.43060
2009-06-01,1.41500
2009-05-29,1.41530
2009-05-28,1.39320
2009-05-27,1.38350
2009-05-26,1.39850
2009-05-25,1.40140
2009-05-22,1.39900
2009-05-21,1.39000
2009-05-20,1.38100
2009-05-19,1.36260
2009-05-18,1.35520
2009-05-15,1.34940
2009-05-14,1.36340
2009-05-13,1.35930
2009-05-12,1.36440
2009-05-11,1.35760
2009-05-08,1.36390
2009-05-07,1.33910
2009-05-06,1.33150
2009-05-05,1.33100
2009-05-04,1.34130
2009-05-01,1.32720
2009-04-30,1.32230
2009-04-29,1.32530
2009-04-28,1.31350
2009-04-27,1.30160
2009-04-24,1.32420
2009-04-23,1.31330
2009-04-22,1.30020
2009-04-21,1.29430
2009-04-20,1.29220
2009-04-17,1.30410
2009-04-16,1.31740
2009-04-15,1.32140
2009-04-14,1.32650
2009-04-13,1.33660
2009-04-10,1.31870
2009-04-09,1.31620
2009-04-08,1.32650
2009-04-07,1.32640
2009-04-06,1.33990
2009-04-03,1.34820
2009-04-02,1.34670
2009-04-01,1.32320
2009-03-31,1.32430
2009-03-30,1.31990
2009-03-27,1.32860
2009-03-26,1.35270
2009-03-25,1.35760
2009-03-24,1.34710
2009-03-23,1.36200
2009-03-20,1.35790
2009-03-19,1.36650
2009-03-18,1.35080
2009-03-17,1.30120
2009-03-16,1.29730
2009-03-13,1.29270
2009-03-12,1.29130
2009-03-11,1.28450
2009-03-10,1.26800
2009-03-09,1.26010
2009-03-06,1.26460
2009-03-05,1.25410
2009-03-04,1.26550
2009-03-03,1.25590
2009-03-02,1.25770
2009-02-27,1.26720
2009-02-26,1.27370
2009-02-25,1.27230
2009-02-24,1.28440
2009-02-23,1.27520
2009-02-20,1.28250
2009-02-19,1.26730
2009-02-18,1.25280
2009-02-17,1.25800
2009-02-16,1.28080
2009-02-13,1.28600
2009-02-12,1.28630
2009-02-11,1.29060
2009-02-10,1.29100
2009-02-09,1.30020
2009-02-06,1.29370
2009-02-05,1.27860
2009-02-04,1.28470
2009-02-03,1.30370
2009-02-02,1.28140
2009-01-30,1.28090
2009-01-29,1.29510
2009-01-28,1.31650
2009-01-27,1.31660
2009-01-26,1.31860
2009-01-23,1.29580
2009-01-22,1.30000
2009-01-21,1.30280
2009-01-20,1.29050
2009-01-19,1.30690
2009-01-16,1.32680
2009-01-15,1.31220
2009-01-14,1.31920
2009-01-13,1.31860
2009-01-12,1.33740
2009-01-09,1.34630
2009-01-08,1.37040
2009-01-07,1.36440
2009-01-06,1.35090
2009-01-05,1.36290
2009-01-02,1.39160
2009-01-01,1.40280
2008-12-31,1.39710
2008-12-30,1.40570
2008-12-29,1.39240
2008-12-26,1.40260
2008-12-25,1.40260
2008-12-24,1.40090
2008-12-23,1.39260
2008-12-22,1.39350
2008-12-19,1.39070
2008-12-18,1.42500
2008-12-17,1.44190
2008-12-16,1.40140
2008-12-15,1.36870
2008-12-12,1.33700
2008-12-11,1.33560
2008-12-10,1.30180
2008-12-09,1.29270
2008-12-08,1.29620
2008-12-05,1.27170
2008-12-04,1.27820
2008-12-03,1.27160
2008-12-02,1.27170
2008-12-01,1.26020
2008-11-28,1.26930
2008-11-27,1.29040
2008-11-26,1.28780
2008-11-25,1.30490
2008-11-24,1.29440
2008-11-21,1.25830
2008-11-20,1.24490
2008-11-19,1.25160
2008-11-18,1.26360
2008-11-17,1.26310
2008-11-14,1.26030
2008-11-13,1.27800
2008-11-12,1.25050
2008-11-11,1.25220
2008-11-10,1.27460
2008-11-07,1.27180
2008-11-06,1.27140
2008-11-05,1.29590
2008-11-04,1.29780
2008-11-03,1.26430
2008-10-31,1.27310
2008-10-30,1.28620
2008-10-29,1.29680
2008-10-28,1.27810
2008-10-27,1.25260
2008-10-24,1.26220
2008-10-23,1.29690
2008-10-22,1.28210
2008-10-21,1.30540
2008-10-20,1.33300
2008-10-17,1.34120
2008-10-16,1.34810
2008-10-15,1.34610
2008-10-14,1.36160
2008-10-13,1.35960
2008-10-10,1.33930
2008-10-09,1.35960
2008-10-08,1.36320
2008-10-07,1.36260
2008-10-06,1.34850
2008-10-03,1.37820
2008-10-02,1.38000
2008-10-01,1.40060
2008-09-30,1.41150
2008-09-29,1.44140
2008-09-26,1.46010
2008-09-25,1.46150
2008-09-24,1.46140
2008-09-23,1.46680
2008-09-22,1.47970
2008-09-19,1.44640
2008-09-18,1.43230
2008-09-17,1.43230
2008-09-16,1.41010
2008-09-15,1.42820
2008-09-12,1.42190
2008-09-11,1.40160
2008-09-10,1.39620
2008-09-09,1.41020
2008-09-08,1.41210
2008-09-05,1.42600
2008-09-04,1.42420
2008-09-03,1.44910
2008-09-02,1.45160
2008-09-01,1.45880
2008-08-29,1.46710
2008-08-28,1.46970
2008-08-27,1.47130
2008-08-26,1.46420
2008-08-25,1.47520
2008-08-22,1.47900
2008-08-21,1.48960
2008-08-20,1.47430
2008-08-19,1.47800
2008-08-18,1.46780
2008-08-15,1.46870
2008-08-14,1.48010
2008-08-13,1.49220
2008-08-12,1.49130
2008-08-11,1.48920
2008-08-08,1.50050
2008-08-07,1.53240
2008-08-06,1.54130
2008-08-05,1.54500
2008-08-04,1.55730
2008-08-01,1.55640
2008-07-31,1.55970
2008-07-30,1.55760
2008-07-29,1.55830
2008-07-28,1.57370
2008-07-25,1.57080
2008-07-24,1.56760
2008-07-23,1.56840
2008-07-22,1.57900
2008-07-21,1.59240
2008-07-18,1.58460
2008-07-17,1.58580
2008-07-16,1.58190
2008-07-15,1.59110
2008-07-14,1.59040
2008-07-11,1.59370
2008-07-10,1.57840
2008-07-09,1.57370
2008-07-08,1.56670
2008-07-07,1.57230
2008-07-04,1.57040
2008-07-03,1.56960
2008-07-02,1.58900
2008-07-01,1.57940
2008-06-30,1.57540
2008-06-27,1.57930
2008-06-26,1.57500
2008-06-25,1.56640
2008-06-24,1.55690
2008-06-23,1.55130
2008-06-20,1.56070
2008-06-19,1.55010
2008-06-18,1.55240
2008-06-17,1.55050
2008-06-16,1.54670
2008-06-13,1.53800
2008-06-12,1.54490
2008-06-11,1.55560
2008-06-10,1.54540
2008-06-09,1.56410
2008-06-06,1.57770
2008-06-05,1.55820
2008-06-04,1.54250
2008-06-03,1.54330
2008-06-02,1.55390
2008-05-30,1.55540
2008-05-29,1.55110
2008-05-28,1.56470
2008-05-27,1.56760
2008-05-26,1.57720
2008-05-23,1.57630
2008-05-22,1.57230
2008-05-21,1.56660
2008-05-20,1.56520
2008-05-19,1.55090
2008-05-16,1.55760
2008-05-15,1.54440
2008-05-14,1.54800
2008-05-13,1.54690
2008-05-12,1.55410
2008-05-09,1.54800
2008-05-08,1.54030
2008-05-07,1.53950
2008-05-06,1.55310
2008-05-05,1.54970
2008-05-02,1.54240
2008-05-01,1.54680
2008-04-30,1.56180
2008-04-29,1.55650
2008-04-28,1.56530
2008-04-25,1.56290
2008-04-24,1.56780
2008-04-23,1.58840
2008-04-22,1.59960
2008-04-21,1.59070
2008-04-18,1.58160
2008-04-17,1.58930
2008-04-16,1.59420
2008-04-15,1.57890
2008-04-14,1.58360
2008-04-11,1.58060
2008-04-10,1.57430
2008-04-09,1.58350
2008-04-08,1.57030
2008-04-07,1.57040
2008-04-04,1.57370
2008-04-03,1.56820
2008-04-02,1.56900
2008-04-01,1.56190
2008-03-31,1.57620
2008-03-28,1.57950
2008-03-27,1.57770
2008-03-26,1.58450
2008-03-25,1.56490
2008-03-24,1.54310
2008-03-21,1.54320
2008-03-20,1.54300
2008-03-19,1.56450
2008-03-18,1.56200
2008-03-17,1.57310
2008-03-14,1.56730
2008-03-13,1.56240
2008-03-12,1.55600
2008-03-11,1.53370
2008-03-10,1.53510
2008-03-07,1.53470
2008-03-06,1.53870
2008-03-05,1.52620
2008-03-04,1.52150
2008-03-03,1.52040
2008-02-29,1.51890
2008-02-28,1.51960
2008-02-27,1.51220
2008-02-26,1.49720
2008-02-25,1.48290
2008-02-22,1.48230
2008-02-21,1.48090
2008-02-20,1.47100
2008-02-19,1.47270
2008-02-18,1.46540
2008-02-15,1.46780
2008-02-14,1.46360
2008-02-13,1.45690
2008-02-12,1.45780
2008-02-11,1.45180
2008-02-08,1.45070
2008-02-07,1.44790
2008-02-06,1.46300
2008-02-05,1.46440
2008-02-04,1.48270
2008-02-01,1.48040
2008-01-31,1.48580
2008-01-30,1.48600
2008-01-29,1.47750
2008-01-28,1.47820
2008-01-25,1.46760
2008-01-24,1.47560
2008-01-23,1.46290
2008-01-22,1.46270
2008-01-21,1.44520
2008-01-18,1.46190
2008-01-17,1.46400
2008-01-16,1.46500
2008-01-15,1.48040
2008-01-14,1.48650
2008-01-11,1.47760
2008-01-10,1.48040
2008-01-09,1.46570
2008-01-08,1.47060
2008-01-07,1.46950
2008-01-04,1.47720
2008-01-03,1.47480
2008-01-02,1.47220
2008-01-01,1.45900
2007-12-31,1.45840
2007-12-28,1.47120
2007-12-27,1.46240
2007-12-26,1.44880
2007-12-25,1.44010
2007-12-24,1.43930
2007-12-21,1.43760
2007-12-20,1.43300
2007-12-19,1.43800
2007-12-18,1.44160
2007-12-17,1.43980
2007-12-14,1.44290
2007-12-13,1.46320
2007-12-12,1.47070
2007-12-11,1.46540
2007-12-10,1.47110
2007-12-07,1.46560
2007-12-06,1.46350
2007-12-05,1.46090
2007-12-04,1.47620
2007-12-03,1.46660
2007-11-30,1.46320
2007-11-29,1.47430
2007-11-28,1.48390
2007-11-27,1.48310
2007-11-26,1.48700
2007-11-23,1.48350
2007-11-22,1.48500
2007-11-21,1.48580
2007-11-20,1.48360
2007-11-19,1.46650
2007-11-16,1.46620
2007-11-15,1.46120
2007-11-14,1.46490
2007-11-13,1.46030
2007-11-12,1.45310
2007-11-09,1.46770
2007-11-08,1.46760
2007-11-07,1.46350
2007-11-06,1.45570
2007-11-05,1.44680
2007-11-02,1.45010
2007-11-01,1.44210
2007-10-31,1.44780
2007-10-30,1.44400
2007-10-29,1.44220
2007-10-26,1.43930
2007-10-25,1.43310
2007-10-24,1.42650
2007-10-23,1.42600
2007-10-22,1.41750
2007-10-19,1.43040
2007-10-18,1.42850
2007-10-17,1.42160
2007-10-16,1.41730
2007-10-15,1.42120
2007-10-12,1.41790
2007-10-11,1.42010
2007-10-10,1.41410
2007-10-09,1.41040
2007-10-08,1.40560
2007-10-05,1.41350
2007-10-04,1.41350
2007-10-03,1.40910
2007-10-02,1.41480
2007-10-01,1.42330
2007-09-28,1.42660
2007-09-27,1.41460
2007-09-26,1.41310
2007-09-25,1.41480
2007-09-24,1.40780
2007-09-21,1.40900
2007-09-20,1.40660
2007-09-19,1.39670
2007-09-18,1.39820
2007-09-17,1.38590
2007-09-14,1.38740
2007-09-13,1.38640
2007-09-12,1.39050
2007-09-11,1.38360
2007-09-10,1.38060
2007-09-07,1.37670
2007-09-06,1.36900
2007-09-05,1.36500
2007-09-04,1.36040
2007-09-03,1.36220
2007-08-31,1.36280
2007-08-30,1.36310
2007-08-29,1.36740
2007-08-28,1.36000
2007-08-27,1.36410
2007-08-24,1.36740
2007-08-23,1.35640
2007-08-22,1.35430
2007-08-21,1.34650
2007-08-20,1.34730
2007-08-17,1.34750
2007-08-16,1.34270
2007-08-15,1.34410
2007-08-14,1.35330
2007-08-13,1.36120
2007-08-10,1.36920
2007-08-09,1.36770
2007-08-08,1.37970
2007-08-07,1.37360
2007-08-06,1.37930
2007-08-03,1.37730
2007-08-02,1.37020
2007-08-01,1.36660
2007-07-31,1.36830
2007-07-30,1.36960
2007-07-27,1.36330
2007-07-26,1.37460
2007-07-25,1.37210
2007-07-24,1.38230
2007-07-23,1.38070
2007-07-20,1.38270
2007-07-19,1.38030
2007-07-18,1.38020
2007-07-17,1.37810
2007-07-16,1.37710
2007-07-13,1.37820
2007-07-12,1.37880
2007-07-11,1.37440
2007-07-10,1.37460
2007-07-09,1.36260
2007-07-06,1.36270
2007-07-05,1.35980
2007-07-04,1.36120
2007-07-03,1.36080
2007-07-02,1.36240
2007-06-29,1.35410
2007-06-28,1.34500
2007-06-27,1.34530
2007-06-26,1.34540
2007-06-25,1.34620
2007-06-22,1.34700
2007-06-21,1.33880
2007-06-20,1.34030
2007-06-19,1.34270
2007-06-18,1.34150
2007-06-15,1.33880
2007-06-14,1.33120
2007-06-13,1.33100
2007-06-12,1.33020
2007-06-11,1.33580
2007-06-08,1.33720
2007-06-07,1.34330
2007-06-06,1.35030
2007-06-05,1.35240
2007-06-04,1.34890
2007-06-01,1.34480
2007-05-31,1.34530
2007-05-30,1.34290
2007-05-29,1.34480
2007-05-28,1.34510
2007-05-25,1.34420
2007-05-24,1.34280
2007-05-23,1.34600
2007-05-22,1.34470
2007-05-21,1.34680
2007-05-18,1.35080
2007-05-17,1.34940
2007-05-16,1.35150
2007-05-15,1.35900
2007-05-14,1.35450
2007-05-11,1.35220
2007-05-10,1.34790
2007-05-09,1.35270
2007-05-08,1.35430
2007-05-07,1.36010
2007-05-04,1.35900
2007-05-03,1.35500
2007-05-02,1.35920
2007-05-01,1.36040
2007-04-30,1.36460
2007-04-27,1.36490
2007-04-26,1.36020
2007-04-25,1.36370
2007-04-24,1.36360
2007-04-23,1.35760
2007-04-20,1.35880
2007-04-19,1.36110
2007-04-18,1.36060
2007-04-17,1.35660
2007-04-16,1.35340
2007-04-13,1.35270
2007-04-12,1.34810
2007-04-11,1.34300
2007-04-10,1.34390
2007-04-09,1.33530
2007-04-06,1.33780
2007-04-05,1.34290
2007-04-04,1.33680
2007-04-03,1.33300
2007-04-02,1.33650
2007-03-30,1.33520
2007-03-29,1.33300
2007-03-28,1.33130
2007-03-27,1.33500
2007-03-26,1.33300
2007-03-23,1.32830
2007-03-22,1.33300
2007-03-21,1.33800
2007-03-20,1.33170
2007-03-19,1.33020
2007-03-16,1.33150
2007-03-15,1.32370
2007-03-14,1.32240
2007-03-13,1.31950
2007-03-12,1.31890
2007-03-09,1.31140
2007-03-08,1.31300
2007-03-07,1.31760
2007-03-06,1.31270
2007-03-05,1.30880
2007-03-02,1.31910
2007-03-01,1.31860
2007-02-28,1.32250
2007-02-27,1.32390
2007-02-26,1.31880
2007-02-23,1.31650
2007-02-22,1.31250
2007-02-21,1.31390
2007-02-20,1.31370
2007-02-19,1.31550
2007-02-16,1.31370
2007-02-15,1.31400
2007-02-14,1.31290
2007-02-13,1.30370
2007-02-12,1.29660
2007-02-09,1.30050
2007-02-08,1.30400
2007-02-07,1.30120
2007-02-06,1.29830
2007-02-05,1.29280
2007-02-02,1.29610
2007-02-01,1.30210
2007-01-31,1.30330
2007-01-30,1.29690
2007-01-29,1.29570
2007-01-26,1.29150
2007-01-25,1.29310
2007-01-24,1.29700
2007-01-23,1.30260
2007-01-22,1.29490
2007-01-19,1.29610
2007-01-18,1.29630
2007-01-17,1.29380
2007-01-16,1.29180
2007-01-15,1.29360
2007-01-12,1.29240
2007-01-11,1.28920
2007-01-10,1.29370
2007-01-09,1.29990
2007-01-08,1.30230
2007-01-05,1.30030
2007-01-04,1.30830
2007-01-03,1.31690
2007-01-02,1.32740
2007-01-01,1.31990
2006-12-29,1.31970
2006-12-28,1.31470
2006-12-27,1.31140
2006-12-26,1.30960
2006-12-25,1.31190
2006-12-22,1.31270
2006-12-21,1.31760
2006-12-20,1.31720
2006-12-19,1.31980
2006-12-18,1.30960
2006-12-15,1.30810
2006-12-14,1.31440
2006-12-13,1.32120
2006-12-12,1.32840
2006-12-11,1.32370
2006-12-08,1.32010
2006-12-07,1.32870
2006-12-06,1.32840
2006-12-05,1.33170
2006-12-04,1.33390
2006-12-01,1.33370
2006-11-30,1.32410
2006-11-29,1.31530
2006-11-28,1.31990
2006-11-27,1.31320
2006-11-24,1.30940
2006-11-23,1.29470
2006-11-22,1.29420
2006-11-21,1.28420
2006-11-20,1.28160
2006-11-17,1.28260
2006-11-16,1.27950
2006-11-15,1.28270
2006-11-14,1.28100
2006-11-13,1.28050
2006-11-10,1.28400
2006-11-09,1.28290
2006-11-08,1.27570
2006-11-07,1.27730
2006-11-06,1.27230
2006-11-03,1.27180
2006-11-02,1.27790
2006-11-01,1.27560
2006-10-31,1.27620
2006-10-30,1.27240
2006-10-27,1.27400
2006-10-26,1.26880
2006-10-25,1.26060
2006-10-24,1.25530
2006-10-23,1.25500
2006-10-20,1.26150
2006-10-19,1.26230
2006-10-18,1.25310
2006-10-17,1.25370
2006-10-16,1.25320
2006-10-13,1.25120
2006-10-12,1.25610
2006-10-11,1.25210
2006-10-10,1.25350
2006-10-09,1.25930
2006-10-06,1.25990
2006-10-05,1.26880
2006-10-04,1.27150
2006-10-03,1.27270
2006-10-02,1.27390
2006-09-29,1.26740
2006-09-28,1.26950
2006-09-27,1.27010
2006-09-26,1.26830
2006-09-25,1.27460
2006-09-22,1.27830
2006-09-21,1.27810
2006-09-20,1.26870
2006-09-19,1.26710
2006-09-18,1.27020
2006-09-15,1.26610
2006-09-14,1.27240
2006-09-13,1.26990
2006-09-12,1.26820
2006-09-11,1.27010
2006-09-08,1.26770
2006-09-07,1.27330
2006-09-06,1.28040
2006-09-05,1.28170
2006-09-04,1.28600
2006-09-01,1.28350
2006-08-31,1.28060
2006-08-30,1.28370
2006-08-29,1.28290
2006-08-28,1.27840
2006-08-25,1.27510
2006-08-24,1.27630
2006-08-23,1.27860
2006-08-22,1.28050
2006-08-21,1.28860
2006-08-18,1.28230
2006-08-17,1.28260
2006-08-16,1.28390
2006-08-15,1.27840
2006-08-14,1.27220
2006-08-11,1.27210
2006-08-10,1.27930
2006-08-09,1.28630
2006-08-08,1.28210
2006-08-07,1.28150
2006-08-04,1.28780
