timestamp,open,high,low,close,volume,volume_1,spread
2000-01-09,1.0286,1.037,1.0114,1.0122,32063,0,50
2000-01-16,1.0129,1.0193,1.005,1.0087,33260,0,50
2000-01-23,1.0028,1.0096,0.9736,0.9749,33667,0,50
2000-01-30,0.9773,0.9947,0.9667,0.984,34912,0,50
2000-02-06,0.9832,0.9971,0.9754,0.9884,33364,0,50
2000-02-13,0.9877,0.9958,0.9763,0.9845,30764,0,50
2000-02-20,0.9854,1.0089,0.9722,0.9746,30570,0,50
2000-02-27,0.9728,0.9872,0.9401,0.9607,37397,0,50
2000-03-05,0.9567,0.9698,0.9521,0.9639,35087,0,50
2000-03-12,0.9627,0.974,0.959,0.9729,33358,0,50
2000-03-19,0.9725,0.9785,0.9573,0.9785,33031,0,50
2000-03-26,0.9774,0.979,0.9478,0.9552,35143,0,50
2000-04-02,0.9562,0.9749,0.9502,0.9545,33245,0,50
2000-04-09,0.9548,0.9649,0.951,0.9628,35422,0,50
2000-04-16,0.9648,0.9679,0.9353,0.9383,31168,0,50
2000-04-23,0.9382,0.9451,0.903,0.9117,31154,0,50
2000-04-30,0.912,0.9175,0.8847,0.8969,31562,0,50
2000-05-07,0.8965,0.9201,0.8914,0.9185,34255,0,50
2000-05-14,0.9179,0.919,0.8844,0.897,31144,0,50
2000-05-21,0.8974,0.9336,0.8952,0.9315,33390,0,50
2000-05-28,0.9328,0.9498,0.9238,0.9458,30688,0,50
2000-06-04,0.9457,0.97,0.9411,0.9533,32686,0,50
2000-06-11,0.9537,0.966,0.949,0.9643,29981,0,50
2000-06-18,0.9637,0.9693,0.9338,0.9362,31295,0,50
2000-06-25,0.9362,0.9603,0.9296,0.9523,30959,0,50
2000-07-02,0.9524,0.9599,0.9458,0.9479,30532,0,50
2000-07-09,0.9485,0.9566,0.9317,0.9383,30886,0,50
2000-07-16,0.9384,0.9401,0.9192,0.9362,31064,0,50
2000-07-23,0.9364,0.945,0.9221,0.9225,29544,0,50
2000-07-30,0.9238,0.9294,0.8998,0.9081,29282,0,50
2000-08-06,0.9073,0.914,0.8963,0.9036,28473,0,50
2000-08-13,0.9039,0.9184,0.9,0.9068,29749,0,50
2000-08-20,0.907,0.9079,0.8909,0.9022,30205,0,50
2000-08-27,0.9024,0.9045,0.8841,0.9003,27946,0,50
2000-09-03,0.9002,0.904,0.8635,0.8665,33063,0,50
2000-09-10,0.8641,0.8725,0.8522,0.8522,36644,0,50
2000-09-17,0.8521,0.9008,0.8439,0.8765,35145,0,50
2000-09-24,0.8797,0.8886,0.8712,0.8842,33169,0,50
2000-10-01,0.8841,0.8858,0.8665,0.8682,28685,0,50
2000-10-08,0.8685,0.8768,0.8528,0.8564,29988,0,50
2000-10-15,0.8557,0.8573,0.8326,0.842,34255,0,50
2000-10-22,0.8415,0.8443,0.8227,0.8387,35857,0,50
2000-10-29,0.8411,0.8796,0.8383,0.8674,39867,0,50
2000-11-05,0.8662,0.8732,0.8516,0.8606,40228,0,50
2000-11-12,0.8621,0.8665,0.8472,0.8478,35445,0,50
2000-11-19,0.8488,0.8536,0.8372,0.8381,34716,0,50
2000-11-26,0.8394,0.8798,0.8387,0.8792,37044,0,50
2000-12-03,0.8787,0.8976,0.8754,0.8878,41089,0,50
2000-12-10,0.8813,0.9002,0.8715,0.8957,40485,0,50
2000-12-17,0.8946,0.9262,0.8879,0.9232,41809,0,50
2000-12-24,0.923,0.943,0.9197,0.9424,31570,0,50
2000-12-31,0.9421,0.9596,0.9262,0.9575,35878,0,50
2001-01-07,0.9584,0.9592,0.9362,0.9519,41008,0,50
2001-01-14,0.9524,0.9527,0.9288,0.9342,39694,0,50
2001-01-21,0.9347,0.9452,0.9115,0.9246,40090,0,50
2001-01-28,0.9239,0.9445,0.9143,0.9362,38775,0,50
2001-02-04,0.9353,0.9441,0.9132,0.9243,39818,0,50
2001-02-11,0.9255,0.9331,0.9026,0.9148,37124,0,50
2001-02-18,0.9131,0.9241,0.9014,0.9193,40286,0,50
2001-02-25,0.9174,0.9382,0.9077,0.9363,40424,0,50
2001-03-04,0.9364,0.9375,0.9252,0.9331,37297,0,50
2001-03-11,0.9321,0.9344,0.8915,0.897,48195,0,50
2001-03-18,0.897,0.9127,0.8834,0.889,43034,0,50
2001-03-25,0.8897,0.8993,0.8749,0.8755,43512,0,50
2001-04-01,0.8743,0.9093,0.8732,0.904,44657,0,50
2001-04-08,0.9042,0.905,0.8809,0.8882,41036,0,50
2001-04-15,0.8886,0.9048,0.8706,0.9029,42739,0,50
2001-04-22,0.9015,0.9083,0.8887,0.8922,43840,0,50
2001-04-29,0.8914,0.9009,0.885,0.8926,41728,0,50
2001-05-06,0.8926,0.8937,0.8736,0.8752,41612,0,50
2001-05-13,0.876,0.8881,0.8725,0.8817,41088,0,50
2001-05-20,0.8799,0.882,0.8494,0.8614,41961,0,50
2001-05-27,0.8602,0.8614,0.8431,0.8481,39544,0,50
2001-06-03,0.8468,0.8569,0.8424,0.8508,38215,0,50
2001-06-10,0.85,0.8674,0.841,0.8615,38669,0,50
2001-06-17,0.8629,0.8644,0.8495,0.8576,38442,0,50
2001-06-24,0.8568,0.8661,0.843,0.8497,42954,0,50
2001-07-01,0.8503,0.8509,0.8346,0.848,47585,0,50
2001-07-08,0.8469,0.8644,0.8444,0.8545,43451,0,50
2001-07-15,0.854,0.8788,0.8488,0.8714,44133,0,50
2001-07-22,0.8705,0.8825,0.8649,0.8776,44682,0,50
2001-07-29,0.8777,0.8878,0.8721,0.8843,43319,0,50
2001-08-05,0.883,0.8962,0.8737,0.893,42225,0,50
2001-08-12,0.8937,0.9202,0.892,0.9181,46829,0,50
2001-08-19,0.9176,0.9241,0.9076,0.9148,45703,0,50
2001-08-26,0.9145,0.92,0.9026,0.9125,45714,0,50
2001-09-02,0.9094,0.9105,0.8824,0.9076,46119,0,50
2001-09-09,0.906,0.9251,0.8954,0.9205,49119,0,50
2001-09-16,0.9236,0.9335,0.9084,0.9144,47596,0,50
2001-09-23,0.9134,0.925,0.9078,0.9114,45489,0,50
2001-09-30,0.9103,0.9235,0.9059,0.9187,46436,0,50
2001-10-07,0.9191,0.9246,0.8989,0.9113,43456,0,50
2001-10-14,0.9117,0.9141,0.8965,0.899,43817,0,50
2001-10-21,0.8985,0.9004,0.8867,0.8923,42273,0,50
2001-10-28,0.8922,0.9121,0.8921,0.904,44989,0,50
2001-11-04,0.9015,0.9049,0.8888,0.8934,44710,0,50
2001-11-11,0.8944,0.9016,0.877,0.8843,42772,0,50
2001-11-18,0.8843,0.8855,0.8735,0.8782,42389,0,50
2001-11-25,0.8778,0.8983,0.8769,0.8956,44966,0,50
2001-12-02,0.8956,0.897,0.8846,0.8918,46388,0,50
2001-12-09,0.8894,0.9055,0.884,0.9026,45216,0,50
2001-12-16,0.9035,0.9083,0.8854,0.8889,50169,0,50
2001-12-23,0.8888,0.891,0.8741,0.8853,39164,0,50
2001-12-30,0.8841,0.9069,0.8824,0.8948,38595,0,50
2002-01-06,0.895,0.8998,0.8864,0.8922,46661,0,50
2002-01-13,0.8945,0.8956,0.8793,0.8845,47193,0,50
2002-01-20,0.884,0.8892,0.8631,0.8644,47052,0,50
2002-01-27,0.8645,0.8677,0.8562,0.8622,46799,0,50
2002-02-03,0.8615,0.8756,0.8605,0.8722,42645,0,50
2002-02-10,0.8708,0.8803,0.868,0.873,42795,0,50
2002-02-17,0.8732,0.8785,0.8663,0.8752,41263,0,50
2002-02-24,0.8753,0.8759,0.8615,0.8658,43802,0,50
2002-03-03,0.8647,0.8843,0.8631,0.8734,45750,0,50
2002-03-10,0.8737,0.887,0.8703,0.883,43020,0,50
2002-03-17,0.8812,0.8862,0.8749,0.878,42667,0,50
2002-03-24,0.8773,0.8798,0.8698,0.8719,40958,0,50
2002-03-31,0.8716,0.8859,0.8714,0.8785,42081,0,50
2002-04-07,0.8791,0.885,0.8733,0.8809,42942,0,50
2002-04-14,0.8797,0.8929,0.8788,0.8922,42605,0,50
2002-04-21,0.8894,0.9026,0.8858,0.9015,40799,0,50
2002-04-28,0.9013,0.9178,0.8988,0.9173,40893,0,50
2002-05-05,0.9164,0.9193,0.9036,0.914,43174,0,50
2002-05-12,0.9129,0.9224,0.8994,0.9211,44283,0,50
2002-05-19,0.9206,0.928,0.9161,0.9203,46344,0,50
2002-05-26,0.9205,0.9416,0.9182,0.9337,45189,0,50
2002-06-02,0.933,0.949,0.9302,0.9426,46182,0,50
2002-06-09,0.9431,0.9524,0.9387,0.9454,44902,0,50
2002-06-16,0.9451,0.9722,0.9411,0.9705,45192,0,50
2002-06-23,0.9699,0.9992,0.9661,0.9911,51464,0,50
2002-06-30,0.9914,0.9973,0.9714,0.973,45889,0,50
2002-07-07,0.9745,0.9971,0.9741,0.9906,49424,0,50
2002-07-14,0.9916,1.021,0.9913,1.0117,52126,0,50
2002-07-21,1.0112,1.0135,0.9844,0.9859,51230,0,50
2002-07-28,0.9873,0.9919,0.9726,0.9859,49673,0,50
2002-08-04,0.9865,0.9876,0.9621,0.9698,50494,0,50
2002-08-11,0.9702,0.9894,0.9689,0.987,47971,0,50
2002-08-18,0.9844,0.9873,0.9664,0.9724,44859,0,50
2002-08-25,0.9732,0.9888,0.9684,0.9815,42330,0,50
2002-09-01,0.9824,0.9993,0.9796,0.9808,45369,0,50
2002-09-08,0.9817,0.9844,0.9698,0.9713,47696,0,50
2002-09-15,0.9708,0.9878,0.9608,0.9826,50436,0,50
2002-09-22,0.9808,0.9859,0.9727,0.9792,46909,0,50
2002-09-29,0.9811,0.9912,0.9781,0.9794,43960,0,50
2002-10-06,0.9788,0.9931,0.9765,0.9875,44740,0,50
2002-10-13,0.9874,0.9895,0.9697,0.9725,45825,0,50
2002-10-20,0.9722,0.9803,0.9687,0.9763,43268,0,50
2002-10-27,0.9762,1.0006,0.9725,0.9966,45322,0,50
2002-11-03,0.9964,1.0154,0.9931,1.0134,45491,0,50
2002-11-10,1.0127,1.0173,1.001,1.0098,47382,0,50
2002-11-17,1.0102,1.0143,0.9961,0.9969,46443,0,50
2002-11-24,0.9968,0.9971,0.9877,0.9938,42655,0,50
2002-12-01,0.9928,1.0129,0.986,1.0091,46152,0,50
2002-12-08,1.0101,1.0262,1.0059,1.0242,45639,0,50
2002-12-15,1.023,1.0335,1.0194,1.0274,48604,0,50
2002-12-22,1.0264,1.0447,1.0218,1.0443,35929,0,50
2002-12-29,1.0419,1.0507,1.0335,1.0428,35322,0,50
2003-01-05,1.042,1.0588,1.0359,1.0573,47420,0,50
2003-01-12,1.0579,1.0682,1.0502,1.0673,48256,0,50
2003-01-19,1.0658,1.0857,1.0631,1.0831,53514,0,50
2003-01-26,1.0839,1.091,1.0722,1.0771,50827,0,50
2003-02-02,1.0789,1.0938,1.0691,1.0821,50529,0,50
2003-02-09,1.0817,1.0861,1.0664,1.0793,50127,0,50
2003-02-16,1.0773,1.085,1.0664,1.0767,48629,0,50
2003-02-23,1.0723,1.0839,1.0706,1.0806,48155,0,50
2003-03-02,1.0779,1.1069,1.0768,1.1007,49946,0,50
2003-03-09,1.1006,1.1087,1.0691,1.0748,49181,0,50
2003-03-16,1.0783,1.0845,1.0502,1.0529,53604,0,50
2003-03-23,1.0586,1.0805,1.0566,1.0781,50015,0,50
2003-03-30,1.0797,1.0961,1.0684,1.0734,51703,0,50
2003-04-06,1.0672,1.0832,1.0559,1.0756,50288,0,50
2003-04-13,1.0745,1.0977,1.0717,1.0879,45944,0,50
2003-04-20,1.0898,1.1051,1.0821,1.1037,45140,0,50
2003-04-27,1.1037,1.1288,1.093,1.123,47545,0,50
2003-05-04,1.1227,1.1541,1.1204,1.1489,66169,0,50
2003-05-11,1.1531,1.1629,1.1371,1.1597,56522,0,50
2003-05-18,1.1673,1.1846,1.1602,1.1842,55075,0,50
2003-05-25,1.1832,1.1931,1.1691,1.1785,53182,0,50
2003-06-01,1.172,1.189,1.1631,1.1701,56733,0,50
2003-06-08,1.1708,1.1882,1.1659,1.1874,54384,0,50
2003-06-15,1.1876,1.1932,1.1552,1.1605,52939,0,50
2003-06-22,1.1579,1.1625,1.1399,1.1425,53386,0,50
2003-06-29,1.143,1.1613,1.14,1.1494,47470,0,50
2003-07-06,1.148,1.1484,1.1258,1.1281,56653,0,50
2003-07-13,1.1289,1.1341,1.1112,1.1272,56358,0,50
2003-07-20,1.125,1.1553,1.1242,1.1513,54090,0,50
2003-07-27,1.1497,1.1543,1.1134,1.1276,54554,0,50
2003-08-03,1.1284,1.143,1.1261,1.1307,50976,0,50
2003-08-10,1.1306,1.1383,1.1218,1.1264,50252,0,50
2003-08-17,1.1267,1.1272,1.0835,1.0887,48984,0,50
2003-08-24,1.0869,1.1,1.0788,1.0985,50857,0,50
2003-08-31,1.099,1.1114,1.0762,1.1112,52090,0,50
2003-09-07,1.1098,1.1327,1.1047,1.1292,51185,0,50
2003-09-14,1.1262,1.1394,1.1138,1.1384,49094,0,50
2003-09-21,1.1452,1.1537,1.1414,1.1478,51682,0,50
2003-09-28,1.1459,1.1771,1.1394,1.1582,54817,0,50
2003-10-05,1.1574,1.1865,1.1531,1.1799,52276,0,50
2003-10-12,1.1809,1.1819,1.1544,1.1679,53381,0,50
2003-10-19,1.1704,1.186,1.1602,1.1786,52577,0,50
2003-10-26,1.1773,1.1787,1.1563,1.1586,52333,0,50
2003-11-02,1.1582,1.1623,1.1376,1.152,48382,0,50
2003-11-09,1.1503,1.1806,1.1444,1.1784,51040,0,50
2003-11-16,1.1814,1.1981,1.1724,1.1925,54121,0,50
2003-11-23,1.1912,1.2019,1.1754,1.1998,49428,0,50
2003-11-30,1.1988,1.2188,1.1935,1.2188,54802,0,50
2003-12-07,1.2167,1.2309,1.2114,1.2276,53705,0,50
2003-12-14,1.2133,1.2443,1.2132,1.2382,54303,0,50
2003-12-21,1.2382,1.2473,1.235,1.2422,38690,0,50
2003-12-28,1.2433,1.2649,1.2426,1.2596,38737,0,40
2004-01-04,1.2609,1.287,1.256,1.282,55433,0,40
2004-01-11,1.2842,1.2901,1.2351,1.2395,57294,0,40
2004-01-18,1.2383,1.2779,1.2333,1.2586,55774,0,40
2004-01-25,1.258,1.2665,1.235,1.2467,60137,0,40
2004-02-01,1.2481,1.2727,1.2391,1.2705,58114,0,40
2004-02-08,1.2619,1.2894,1.2606,1.2733,62236,0,40
2004-02-15,1.2728,1.293,1.2493,1.2541,52669,0,40
2004-02-22,1.2517,1.2716,1.2371,1.2495,52325,0,40
2004-02-29,1.2481,1.2544,1.2056,1.2361,52999,0,40
2004-03-07,1.2366,1.2463,1.2162,1.2221,53636,0,40
2004-03-14,1.221,1.2438,1.2177,1.2283,53209,0,40
2004-03-21,1.2274,1.2403,1.207,1.2123,52114,0,40
2004-03-28,1.2118,1.2391,1.2046,1.2133,51168,0,40
2004-04-04,1.2112,1.2221,1.1979,1.2091,48902,0,40
2004-04-11,1.2086,1.21,1.1868,1.1999,58881,0,40
2004-04-18,1.2016,1.2081,1.1778,1.1843,49404,0,40
2004-04-25,1.1801,1.2016,1.1759,1.1986,53891,0,40
2004-05-02,1.1996,1.2182,1.1875,1.1893,62152,0,40
2004-05-09,1.1881,1.1945,1.177,1.189,63388,0,40
2004-05-16,1.1891,1.2074,1.1878,1.1996,64101,0,40
2004-05-23,1.1993,1.23,1.1932,1.2215,63182,0,40
2004-05-30,1.224,1.2333,1.2136,1.2286,62914,0,40
2004-06-06,1.23,1.2356,1.1965,1.2009,62045,0,40
2004-06-13,1.1974,1.2174,1.1953,1.2142,61035,0,40
2004-06-20,1.2144,1.2196,1.204,1.2181,60951,0,40
2004-06-27,1.2178,1.2331,1.2066,1.2321,58299,0,40
2004-07-04,1.2328,1.2426,1.2263,1.2418,57191,0,40
2004-07-11,1.2411,1.2462,1.2299,1.2454,56209,0,40
2004-07-18,1.2451,1.2464,1.2088,1.2095,55422,0,40
2004-07-25,1.2103,1.2193,1.199,1.2019,60523,0,40
2004-08-01,1.2069,1.2294,1.1968,1.2283,55684,0,40
2004-08-08,1.2287,1.2381,1.2175,1.2377,56397,0,40
2004-08-15,1.2379,1.2391,1.2278,1.2319,52769,0,40
2004-08-22,1.2313,1.2322,1.2004,1.2015,54694,0,40
2004-08-29,1.2012,1.2224,1.1986,1.2061,47688,0,40
2004-09-05,1.2062,1.2311,1.2026,1.2269,45078,0,40
2004-09-12,1.2268,1.2297,1.212,1.217,44520,0,40
2004-09-19,1.2174,1.2364,1.2125,1.2276,44488,0,40
2004-09-26,1.2283,1.2446,1.2246,1.2402,43952,0,40
2004-10-03,1.2401,1.2435,1.2246,1.2408,44557,0,40
2004-10-10,1.2417,1.2507,1.2224,1.2477,44069,0,40
2004-10-17,1.2477,1.2692,1.2451,1.2686,45536,0,40
2004-10-24,1.272,1.2844,1.2631,1.2787,48981,0,40
2004-10-31,1.2818,1.298,1.2655,1.2974,47979,0,40
2004-11-07,1.2969,1.3006,1.2848,1.297,45868,0,40
2004-11-14,1.297,1.3076,1.2916,1.3054,45309,0,40
2004-11-21,1.3039,1.3331,1.2975,1.3297,43894,0,40
2004-11-28,1.328,1.3464,1.3229,1.3455,46215,0,40
2004-12-05,1.3442,1.3471,1.3139,1.3212,47496,0,40
2004-12-12,1.3196,1.3444,1.3195,1.3316,48172,0,40
2004-12-19,1.3333,1.3553,1.3297,1.3528,41598,0,40
2004-12-26,1.3527,1.367,1.3512,1.3562,43186,0,40
2005-01-02,1.3562,1.3581,1.3024,1.3072,49237,0,30
2005-01-09,1.3058,1.3294,1.3052,1.3095,46764,0,30
2005-01-16,1.3109,1.3129,1.2922,1.3008,45639,0,30
2005-01-23,1.3046,1.3126,1.2945,1.3056,46671,0,30
2005-01-30,1.3012,1.3098,1.2864,1.2864,47206,0,30
2005-02-06,1.2855,1.2909,1.2732,1.2865,46111,0,30
2005-02-13,1.2881,1.3091,1.2877,1.3064,44851,0,30
2005-02-20,1.3052,1.3276,1.3031,1.3243,45593,0,30
2005-02-27,1.3238,1.328,1.3087,1.3241,45339,0,30
2005-03-06,1.3236,1.3483,1.3177,1.3458,46834,0,30
2005-03-13,1.3463,1.3479,1.3265,1.3321,46406,0,30
2005-03-20,1.331,1.3318,1.2928,1.2956,44180,0,30
2005-03-27,1.2962,1.306,1.2856,1.2908,46874,0,30
2005-04-03,1.2885,1.2942,1.28,1.2918,45948,0,30
2005-04-10,1.2926,1.3017,1.2767,1.29,47470,0,30
2005-04-17,1.2918,1.3127,1.2876,1.3062,56159,0,30
2005-04-24,1.3057,1.3063,1.2853,1.2874,59080,0,30
2005-05-01,1.2862,1.2993,1.281,1.2838,56566,0,30
2005-05-08,1.2816,1.2916,1.2604,1.2614,59754,0,30
2005-05-15,1.2625,1.2694,1.2535,1.2551,58014,0,30
2005-05-22,1.2543,1.2632,1.2493,1.258,56511,0,30
2005-05-29,1.2538,1.2549,1.2158,1.2232,60342,0,30
2005-06-05,1.2227,1.2356,1.2106,1.2122,62159,0,30
2005-06-12,1.2109,1.2292,1.2016,1.2283,66489,0,30
2005-06-19,1.2188,1.2244,1.1982,1.2095,64845,0,30
2005-06-26,1.2099,1.2188,1.1933,1.1937,63653,0,30
2005-07-03,1.1932,1.2042,1.1865,1.1975,59315,0,30
2005-07-10,1.1967,1.2259,1.1955,1.2043,65843,0,30
2005-07-17,1.2024,1.2257,1.1952,1.2058,65756,0,30
2005-07-24,1.2053,1.2163,1.1963,1.2123,62659,0,30
2005-07-31,1.2123,1.2405,1.2117,1.2376,62292,0,30
2005-08-07,1.2337,1.2489,1.2314,1.2438,64561,0,30
2005-08-14,1.2454,1.246,1.2125,1.2153,60239,0,30
2005-08-21,1.2168,1.2344,1.2155,1.2281,59289,0,30
2005-08-28,1.2284,1.2591,1.217,1.2515,62222,0,30
2005-09-04,1.2534,1.2589,1.2374,1.2418,60418,0,30
2005-09-11,1.2402,1.2417,1.2193,1.2239,59756,0,30
2005-09-18,1.2163,1.2274,1.2033,1.2034,57755,0,30
2005-09-25,1.2025,1.2093,1.1978,1.2064,59635,0,30
2005-10-02,1.202,1.2209,1.19,1.2128,60206,0,30
2005-10-09,1.2117,1.2156,1.1913,1.2074,47722,0,30
2005-10-16,1.2078,1.2124,1.1875,1.1956,52975,0,30
2005-10-23,1.1944,1.2174,1.1922,1.2066,47224,0,30
2005-10-30,1.2063,1.2092,1.18,1.181,47754,0,30
2005-11-06,1.1804,1.1834,1.1671,1.1738,46390,0,30
2005-11-13,1.1718,1.1796,1.1638,1.1771,48184,0,30
2005-11-20,1.178,1.1869,1.1685,1.1719,46817,0,30
2005-11-27,1.1707,1.1904,1.166,1.171,48141,0,30
2005-12-04,1.17,1.1853,1.1687,1.1815,46196,0,30
2005-12-11,1.1788,1.2064,1.1784,1.2015,48590,0,30
2005-12-18,1.2025,1.204,1.1801,1.1862,44957,0,30
2005-12-25,1.186,1.1934,1.1778,1.1839,39067,0,30
2006-01-01,1.1849,1.2182,1.1801,1.2143,44251,0,20
2006-01-08,1.2143,1.2165,1.2007,1.2115,48168,0,20
2006-01-15,1.2153,1.2176,1.204,1.2136,46555,0,20
2006-01-22,1.2143,1.2324,1.2086,1.2097,49909,0,20
2006-01-29,1.2104,1.2191,1.1967,1.2025,46182,0,20
2006-02-05,1.2033,1.205,1.1892,1.1908,45428,0,20
2006-02-12,1.1895,1.1955,1.1848,1.1932,45168,0,20
2006-02-19,1.1925,1.1977,1.1863,1.1872,43175,0,20
2006-02-26,1.1866,1.2055,1.1825,1.2037,45442,0,20
2006-03-05,1.205,1.2095,1.1859,1.1916,47460,0,20
2006-03-12,1.1913,1.2209,1.1911,1.219,49694,0,20
2006-03-19,1.2176,1.2199,1.1951,1.204,48778,0,20
2006-03-26,1.2039,1.2178,1.198,1.2116,50639,0,20
2006-04-02,1.2119,1.2335,1.2031,1.2093,52371,0,20
2006-04-09,1.2106,1.217,1.2065,1.2111,45312,0,20
2006-04-16,1.2122,1.2396,1.2119,1.234,49700,0,20
2006-04-23,1.2371,1.2643,1.2333,1.2635,51405,0,20
2006-04-30,1.2629,1.2766,1.2555,1.2727,50423,0,20
2006-05-07,1.2744,1.296,1.266,1.2926,50627,0,20
2006-05-14,1.2947,1.2973,1.2692,1.2771,50986,0,20
2006-05-21,1.2763,1.2895,1.2694,1.2737,50598,0,20
2006-05-28,1.2732,1.2941,1.2718,1.2922,50645,0,20
2006-06-04,1.2927,1.2981,1.2597,1.2642,51520,0,20
2006-06-11,1.2615,1.2676,1.253,1.2647,48926,0,20
2006-06-18,1.2649,1.2682,1.2478,1.251,47101,0,20
2006-06-25,1.2506,1.2799,1.2501,1.279,48738,0,20
2006-07-02,1.2788,1.2864,1.2705,1.281,48234,0,20
2006-07-09,1.2813,1.282,1.2626,1.265,48135,0,20
2006-07-16,1.2638,1.2708,1.2457,1.27,48612,0,20
2006-07-23,1.2704,1.2775,1.2559,1.2762,47696,0,20
2006-07-30,1.2765,1.2912,1.272,1.2874,47356,0,20
2006-08-06,1.2884,1.2915,1.2715,1.2721,48752,0,20
2006-08-13,1.2712,1.289,1.2694,1.2825,45672,0,20
2006-08-20,1.2827,1.2942,1.2723,1.2754,47617,0,20
2006-08-27,1.2761,1.2881,1.2749,1.2836,47724,0,20
2006-09-03,1.2846,1.2877,1.265,1.2674,46374,0,20
2006-09-10,1.2666,1.2756,1.263,1.2659,45845,0,20
2006-09-17,1.2637,1.283,1.2629,1.2783,52549,0,20
2006-09-24,1.2789,1.2819,1.2639,1.2673,52679,0,20
2006-10-01,1.2683,1.2764,1.2574,1.2599,43311,0,20
2006-10-08,1.2588,1.2612,1.2483,1.2512,29861,0,20
2006-10-15,1.2501,1.2641,1.2488,1.2616,30263,0,20
2006-10-22,1.2615,1.2749,1.2524,1.274,31943,0,20
2006-10-29,1.273,1.2797,1.2677,1.2716,32290,0,20
2006-11-05,1.2717,1.2899,1.2689,1.284,33187,0,20
2006-11-12,1.2851,1.2878,1.2761,1.2828,38721,0,20
2006-11-19,1.2825,1.3109,1.2797,1.3093,33915,0,20
2006-11-26,1.3156,1.3347,1.3086,1.3336,45657,0,20
2006-12-03,1.3362,1.3364,1.3189,1.3202,43982,0,20
2006-12-10,1.3182,1.3291,1.3059,1.3079,45137,0,20
2006-12-17,1.3082,1.3244,1.3051,1.3128,39337,0,20
2006-12-24,1.3138,1.3205,1.3087,1.3198,40177,0,20
2006-12-31,1.3189,1.3296,1.298,1.3001,36774,0,20
2007-01-07,1.301,1.3051,1.2865,1.2922,42369,0,20
2007-01-14,1.2927,1.2999,1.2895,1.296,39111,0,20
2007-01-21,1.2956,1.3042,1.2876,1.2914,41778,0,20
2007-01-28,1.2921,1.3062,1.2896,1.2959,32564,0,20
2007-02-04,1.2955,1.3045,1.2911,1.3006,28462,0,20
2007-02-11,1.3015,1.3171,1.2939,1.3136,31534,0,20
2007-02-18,1.3154,1.3187,1.3079,1.3167,26602,0,20
2007-02-25,1.3189,1.3258,1.3141,1.319,36490,0,20
2007-03-04,1.3209,1.321,1.307,1.3116,35335,0,20
2007-03-11,1.3117,1.3338,1.3109,1.3316,32991,0,20
2007-03-18,1.3318,1.341,1.3268,1.3282,31129,0,20
2007-03-25,1.3288,1.3399,1.3253,1.3354,33432,0,20
2007-04-01,1.3372,1.3439,1.3318,1.3378,22798,0,20
2007-04-08,1.3375,1.3552,1.3339,1.3527,25688,0,20
2007-04-15,1.3566,1.3636,1.3525,1.359,29382,0,20
2007-04-22,1.3604,1.3681,1.3541,1.3651,29844,0,20
2007-04-29,1.3636,1.3678,1.3535,1.3591,27805,0,20
2007-05-06,1.3598,1.3627,1.3461,1.3524,25212,0,20
2007-05-13,1.3531,1.3609,1.3464,1.3507,25056,0,20
2007-05-20,1.3517,1.3525,1.3411,1.3442,23600,0,20
2007-05-27,1.3447,1.3519,1.3392,1.3448,22316,0,20
2007-06-03,1.344,1.3553,1.332,1.3372,24732,0,20
2007-06-10,1.3362,1.3388,1.3262,1.3388,24553,0,20
2007-06-17,1.3381,1.347,1.3371,1.3469,22519,0,20
2007-06-24,1.3467,1.3541,1.3415,1.354,24821,0,20
2007-07-01,1.3542,1.3659,1.3527,1.3625,24316,0,20
2007-07-08,1.3632,1.3812,1.3594,1.3782,28969,0,20
2007-07-15,1.378,1.3842,1.3752,1.3826,28130,0,20
2007-07-22,1.383,1.3851,1.3626,1.3635,37541,0,20
2007-07-29,1.3612,1.3817,1.3609,1.3773,39506,0,20
2007-08-05,1.3838,1.3838,1.3643,1.3693,36852,0,20
2007-08-12,1.3685,1.3708,1.336,1.3474,53444,0,20
2007-08-19,1.3477,1.3681,1.345,1.3675,37044,0,20
2007-08-26,1.3672,1.3719,1.3562,1.3628,34237,0,20
2007-09-02,1.3628,1.3797,1.355,1.3767,28501,0,20
2007-09-09,1.3781,1.3926,1.3766,1.3874,34534,0,20
2007-09-16,1.3872,1.4119,1.3828,1.409,39160,0,20
2007-09-23,1.4089,1.4278,1.406,1.4266,35042,0,20
2007-09-30,1.428,1.4281,1.4032,1.4134,34145,0,20
2007-10-07,1.415,1.424,1.4014,1.4177,32668,0,20
2007-10-14,1.4176,1.4317,1.4143,1.43,35799,0,20
2007-10-21,1.4334,1.4393,1.4125,1.4392,43399,0,20
2007-10-28,1.4412,1.4527,1.4373,1.4504,42060,0,20
2007-11-04,1.4518,1.4751,1.4442,1.4679,50918,0,20
2007-11-11,1.4677,1.4728,1.4519,1.4661,53781,0,20
2007-11-18,1.4667,1.4966,1.462,1.4836,45893,0,20
2007-11-25,1.4826,1.4905,1.4627,1.4638,48943,0,20
2007-12-02,1.4648,1.4769,1.4527,1.4657,45913,0,20
2007-12-09,1.4654,1.475,1.441,1.4429,45172,0,20
2007-12-16,1.4405,1.4453,1.4309,1.4381,43028,0,20
2007-12-23,1.4373,1.4728,1.437,1.4721,20236,0,20
2007-12-30,1.4722,1.4823,1.4581,1.474,29776,0,20
2008-01-06,1.4746,1.4819,1.4638,1.4776,47761,0,20
2008-01-13,1.4807,1.4921,1.4589,1.462,59070,0,20
2008-01-20,1.4597,1.4778,1.4365,1.4681,82507,0,20
2008-01-27,1.4691,1.4949,1.4661,1.4801,58817,0,20
2008-02-03,1.4796,1.4847,1.4438,1.4504,57880,0,20
2008-02-10,1.4524,1.4707,1.4481,1.4681,51781,0,20
2008-02-17,1.4672,1.4861,1.461,1.4828,52474,0,20
2008-02-24,1.4834,1.5238,1.4778,1.5178,64537,0,20
2008-03-02,1.5212,1.5462,1.5145,1.5354,65682,0,20
2008-03-09,1.5399,1.5687,1.5281,1.5673,73026,0,20
2008-03-16,1.5704,1.5902,1.5396,1.5432,96451,0,20
2008-03-23,1.5412,1.5859,1.5343,1.5794,66548,0,20
2008-03-30,1.5804,1.5896,1.551,1.5737,73292,0,20
2008-04-06,1.5729,1.5913,1.5626,1.5807,65123,0,20
2008-04-13,1.5704,1.5983,1.5671,1.5816,71993,0,20
2008-04-20,1.5813,1.6018,1.5554,1.5629,79036,0,20
2008-04-27,1.5615,1.5693,1.536,1.5423,71708,0,20
2008-05-04,1.5429,1.5594,1.5284,1.548,59523,0,20
2008-05-11,1.5456,1.5601,1.5365,1.5576,64668,0,20
2008-05-18,1.5595,1.5813,1.5487,1.5761,55923,0,20
2008-05-25,1.5765,1.5818,1.5462,1.5554,52602,0,20
2008-06-01,1.5561,1.5777,1.5365,1.5777,66783,0,20
2008-06-08,1.5791,1.5843,1.5302,1.5379,74659,0,20
2008-06-15,1.5404,1.5651,1.5346,1.5606,57753,0,20
2008-06-22,1.5627,1.5791,1.5468,1.5791,58306,0,20
2008-06-29,1.5776,1.5908,1.5655,1.5706,57529,0,20
2008-07-06,1.5691,1.5942,1.5611,1.5938,62145,0,20
2008-07-13,1.5961,1.6038,1.5783,1.5847,69428,0,20
2008-07-20,1.5843,1.5944,1.5628,1.5709,62234,0,20
2008-07-27,1.5697,1.5768,1.5515,1.5564,53731,0,20
2008-08-03,1.5574,1.5631,1.4997,1.5005,65033,0,20
2008-08-10,1.4944,1.5083,1.466,1.4689,80967,0,20
2008-08-17,1.4684,1.4908,1.463,1.4793,54718,0,20
2008-08-24,1.4789,1.4811,1.4571,1.4678,67158,0,20
2008-08-31,1.4709,1.4723,1.4196,1.4267,83151,0,20
2008-09-07,1.4378,1.4428,1.3881,1.4223,104827,0,20
2008-09-14,1.4289,1.4542,1.4071,1.4467,165521,0,20
2008-09-21,1.449,1.4867,1.4437,1.4613,104532,0,20
2008-09-28,1.4518,1.4569,1.3702,1.377,134817,0,20
2008-10-05,1.3637,1.3785,1.3258,1.3408,185646,0,20
2008-10-12,1.3571,1.3768,1.3345,1.3408,151231,0,20
2008-10-19,1.3405,1.353,1.2497,1.2623,159879,0,20
2008-10-26,1.2575,1.3288,1.233,1.2727,183702,0,20
2008-11-02,1.2766,1.3114,1.2526,1.2717,165523,0,20
2008-11-09,1.2814,1.2927,1.2389,1.2604,176792,0,20
2008-11-16,1.2536,1.2813,1.2423,1.2587,153509,0,20
2008-11-23,1.2607,1.308,1.2563,1.269,120289,0,20
2008-11-30,1.2694,1.2847,1.2552,1.2718,75433,0,20
2008-12-07,1.272,1.3414,1.2714,1.3369,70511,0,20
2008-12-14,1.339,1.4719,1.339,1.3907,129742,0,20
2008-12-21,1.392,1.4124,1.3903,1.4027,62710,0,20
2008-12-28,1.4071,1.4362,1.3838,1.3923,53050,0,20
2009-01-04,1.3883,1.3962,1.3313,1.3472,112458,0,20
2009-01-11,1.3459,1.3462,1.3026,1.3266,156324,0,20
2009-01-18,1.3349,1.3385,1.2764,1.2973,154375,0,20
2009-01-25,1.2916,1.3327,1.2763,1.2812,791512,0,20
2009-02-01,1.2752,1.3069,1.2706,1.2939,657951,0,20
2009-02-08,1.2971,1.3093,1.272,1.2862,174093,0,20
2009-02-15,1.279,1.2884,1.2512,1.2826,117875,0,20
2009-02-22,1.2819,1.2991,1.2604,1.2666,113686,0,20
2009-03-01,1.2617,1.2754,1.2456,1.2653,105664,0,20
2009-03-08,1.2671,1.2957,1.2555,1.2929,110659,0,20
2009-03-15,1.2846,1.3737,1.2846,1.35811,127557,0,20
2009-03-22,1.36564,1.3735,1.32563,1.32866,237313,0,20
2009-03-29,1.32211,1.35167,1.31121,1.34849,235834,0,20
2009-04-05,1.35142,1.35806,1.30894,1.31866,196639,0,20
2009-04-12,1.31898,1.33915,1.30167,1.30426,196570,0,20
2009-04-19,1.30406,1.33002,1.28844,1.32413,253432,0,20
2009-04-26,1.32401,1.33848,1.29649,1.32636,258633,0,20
2009-05-03,1.32818,1.36497,1.32123,1.36347,416435,0,20
2009-05-10,1.36545,1.37214,1.34614,1.34947,428803,0,20
2009-05-17,1.34836,1.40498,1.34234,1.39974,355240,0,20
2009-05-24,1.40281,1.41678,1.37931,1.41597,409244,0,20
2009-05-31,1.41322,1.43378,1.39327,1.39673,490154,0,20
2009-06-07,1.39434,1.4171,1.38039,1.40153,449289,0,20
2009-06-14,1.39876,1.40112,1.37477,1.39372,435485,0,20
2009-06-21,1.39487,1.41375,1.38264,1.40551,437658,0,20
2009-06-28,1.40616,1.41965,1.39273,1.39797,375119,0,20
2009-07-05,1.39551,1.40715,1.38323,1.39353,394634,0,20
2009-07-12,1.39461,1.41652,1.38966,1.41008,382400,0,20
2009-07-19,1.41162,1.42907,1.4109,1.42016,394472,0,20
2009-07-26,1.42297,1.43036,1.40072,1.42561,368876,0,20
2009-08-02,1.42703,1.44465,1.41537,1.41825,345483,0,20
2009-08-09,1.4181,1.43267,1.40861,1.42022,333488,0,20
2009-08-16,1.41879,1.43751,1.40454,1.43249,347049,0,20
2009-08-23,1.43437,1.44049,1.42065,1.43022,279471,0,20
2009-08-30,1.43076,1.4376,1.4177,1.4295,238188,0,20
2009-09-06,1.4305,1.4633,1.4302,1.457,137219,0,20
2009-09-13,1.4597,1.47652,1.45154,1.47106,253719,0,7
2009-09-20,1.46953,1.48427,1.4611,1.46881,258509,0,8
2009-09-27,1.47011,1.47193,1.44835,1.4574,275948,0,8
2009-10-04,1.45883,1.4815,1.45791,1.473,254772,0,9
2009-10-11,1.47167,1.49656,1.46752,1.49035,259828,0,10
2009-10-18,1.48932,1.50595,1.48267,1.50072,271338,0,8
2009-10-25,1.5009,1.50617,1.46829,1.47185,279965,0,8
2009-11-01,1.47346,1.4916,1.46262,1.48462,273515,0,8
2009-11-08,1.48716,1.50475,1.4821,1.49019,264008,0,8
2009-11-15,1.49194,1.50147,1.48011,1.48614,291225,0,8
2009-11-22,1.48501,1.51437,1.48281,1.49869,262869,0,8
2009-11-29,1.50084,1.51399,1.48198,1.4856,251332,0,8
2009-12-06,1.48678,1.49028,1.45859,1.46138,297310,0,9
2009-12-13,1.46146,1.4685,1.42611,1.43352,224864,0,8
2009-12-20,1.43118,1.44173,1.42175,1.43538,131192,0,9
2009-12-27,1.43712,1.44573,1.42725,1.43306,125425,0,15
2010-01-03,1.43259,1.4483,1.42569,1.44085,216349,0,9
2010-01-10,1.44125,1.45785,1.43365,1.43857,229724,0,8
2010-01-17,1.4348,1.44131,1.40285,1.41363,250323,0,8
2010-01-24,1.41523,1.41938,1.3861,1.38611,252553,0,9
2010-01-31,1.38627,1.40255,1.35854,1.36776,237535,0,9
2010-02-07,1.36561,1.3838,1.35311,1.36309,249618,0,8
2010-02-14,1.36158,1.37881,1.34433,1.36116,225199,0,8
2010-02-21,1.36133,1.36913,1.34504,1.3631,231398,0,8
2010-02-28,1.36222,1.37351,1.34349,1.36198,228230,0,8
2010-03-07,1.36307,1.37954,1.3537,1.37678,162343,0,8
2010-03-14,1.37612,1.38171,1.35029,1.35301,184704,0,9
2010-03-21,1.35174,1.35687,1.32671,1.34075,205760,0,8
2010-03-28,1.34719,1.35904,1.33841,1.3503,176113,0,8
2010-04-04,1.349,1.35378,1.32821,1.34984,170707,0,9
2010-04-11,1.36107,1.36913,1.34726,1.35017,208873,0,9
2010-04-18,1.34769,1.35222,1.32016,1.33811,200306,0,9
2010-04-25,1.3346,1.34147,1.31141,1.32936,243903,0,8
2010-05-02,1.33296,1.33326,1.2527,1.27518,298888,0,8
2010-05-09,1.29299,1.30934,1.23529,1.23566,314472,0,9
2010-05-16,1.23485,1.26711,1.21435,1.25712,374158,0,10
2010-05-23,1.25461,1.25622,1.21534,1.2272,266022,0,8
2010-05-30,1.22807,1.23487,1.19551,1.19671,272240,1237300000,8
2010-06-06,1.1946,1.21521,1.18758,1.21112,316404,0,8
2010-06-13,1.21188,1.24156,1.21155,1.23875,270708,0,8
2010-06-20,1.24291,1.24664,1.2209,1.23681,217772,0,8
2010-06-27,1.23781,1.26106,1.21495,1.25655,234190,0,7
2010-07-04,1.25558,1.27218,1.24796,1.26404,189642,0,7
2010-07-11,1.26413,1.30063,1.25219,1.29296,308877,0,7
2010-07-18,1.2904,1.30275,1.27318,1.29086,213396,0,7
2010-07-25,1.2894,1.3106,1.28761,1.30504,206938,0,8
2010-08-01,1.30596,1.33327,1.30533,1.32781,175776,0,6
2010-08-08,1.3288,1.3307,1.27494,1.27531,201495,0,7
2010-08-15,1.2765,1.29214,1.26634,1.27105,206021,0,7
2010-08-22,1.2705,1.27778,1.25874,1.27617,210442,0,5
2010-08-29,1.27641,1.28969,1.2625,1.28951,162228,0,5
2010-09-05,1.28934,1.29167,1.26434,1.26784,166897,0,5
2010-09-12,1.2705,1.31584,1.2704,1.30487,213717,0,7
2010-09-19,1.3046,1.34945,1.30288,1.34919,182346,0,6
2010-09-26,1.3482,1.37915,1.3381,1.379,232903,0,6
2010-10-03,1.37877,1.40285,1.36367,1.3928,249632,0,7
2010-10-10,1.4002,1.41505,1.37752,1.39762,223958,0,8
2010-10-17,1.39727,1.40495,1.36975,1.39528,277699,0,7
2010-10-24,1.39516,1.40795,1.37338,1.39459,306137,0,7
2010-10-31,1.39703,1.42813,1.38636,1.40314,348701,0,8
2010-11-07,1.40538,1.40846,1.35735,1.369,396564,0,8
2010-11-14,1.36829,1.37497,1.34475,1.36718,392533,0,8
2010-11-21,1.37355,1.37853,1.32003,1.32402,406871,0,9
2010-11-28,1.3275,1.34373,1.29694,1.34136,458788,0,9
2010-12-05,1.34078,1.34216,1.31645,1.32262,424403,0,7
2010-12-12,1.32052,1.34966,1.31328,1.31873,385836,0,4
2010-12-19,1.31661,1.32006,1.30549,1.31209,299467,0,8
2010-12-26,1.31129,1.34223,1.30718,1.33827,269494,0,9
2011-01-02,1.33443,1.3433,1.29044,1.29055,383714,0,8
2011-01-09,1.28939,1.34562,1.28736,1.33875,405633,0,8
2011-01-16,1.33704,1.36238,1.32448,1.36196,426252,0,6
2011-01-23,1.36097,1.37573,1.35399,1.36102,447361,0,5
2011-01-30,1.358,1.38607,1.35436,1.358,402459,0,8
2011-02-06,1.35686,1.37424,1.34972,1.35513,278582,0,8
2011-02-13,1.3524,1.37138,1.34279,1.36923,322173,0,8
2011-02-20,1.36886,1.38372,1.35278,1.37523,354659,0,7
2011-02-27,1.3747,1.40052,1.3711,1.39863,359458,0,7
2011-03-06,1.39921,1.40354,1.37519,1.39016,359940,0,5
2011-03-13,1.39507,1.41831,1.3855,1.41793,416914,0,8
2011-03-20,1.41808,1.42479,1.40534,1.40868,330571,0,8
2011-03-27,1.40463,1.42448,1.40204,1.42344,326961,0,7
2011-04-03,1.42312,1.44869,1.41511,1.44823,325238,0,6
2011-04-10,1.4453,1.45193,1.43647,1.44285,348475,0,7
2011-04-17,1.44162,1.46478,1.41574,1.45597,326017,0,7
2011-04-24,1.45604,1.48809,1.44929,1.48062,311532,14575658000,7
2011-05-01,1.48249,1.49385,1.43117,1.43149,375582,0,7
2011-05-08,1.43656,1.44407,1.40672,1.4117,376884,0,8
2011-05-15,1.40753,1.43451,1.40478,1.41573,235100,0,7
2011-05-22,1.41318,1.43216,1.39692,1.43173,346292,0,8
2011-05-29,1.43099,1.4642,1.42567,1.46327,342030,0,7
2011-06-05,1.46269,1.46955,1.43223,1.43458,283803,0,6
2011-06-12,1.4327,1.44971,1.40731,1.42858,413507,0,7
2011-06-19,1.42747,1.44407,1.41265,1.41865,406219,0,6
2011-06-26,1.41875,1.45501,1.41023,1.45246,373990,0,6
2011-07-03,1.45366,1.45769,1.42059,1.42632,366657,0,5
2011-07-10,1.42236,1.42808,1.38371,1.41566,474565,0,7
2011-07-17,1.41208,1.44375,1.40138,1.4358,500747,0,7
2011-07-24,1.43997,1.4535,1.42293,1.43945,402186,42079361000,5
2011-07-31,1.43607,1.44526,1.40553,1.42804,476302,46180586000,7
2011-08-07,1.43705,1.44006,1.41039,1.42479,568034,0,4
2011-08-14,1.42639,1.45167,1.42585,1.4395,467630,0,6
2011-08-21,1.43735,1.45008,1.43283,1.44984,418218,0,4
2011-08-28,1.44916,1.45482,1.41839,1.42037,428297,251457613316,6
2011-09-04,1.41571,1.42544,1.36272,1.36532,479792,0,6
2011-09-11,1.35783,1.39359,1.34989,1.37941,544412,0,6
2011-09-18,1.36761,1.37953,1.33856,1.34974,569330,0,4
2011-09-25,1.35078,1.36892,1.33624,1.33846,565075,0,4
2011-10-02,1.33447,1.35241,1.31458,1.33755,575815,0,2
2011-10-09,1.33863,1.38936,1.33774,1.3878,498006,0,6
2011-10-16,1.38782,1.39137,1.36526,1.38917,519353,0,6
2011-10-23,1.38686,1.4246,1.37997,1.41453,522590,0,6
2011-10-30,1.41501,1.41695,1.36085,1.37898,543775,0,6
2011-11-06,1.3816,1.3858,1.34837,1.37672,494669,0,5
2011-11-13,1.37759,1.37919,1.34213,1.35222,521416,0,4
2011-11-20,1.35214,1.35678,1.32119,1.32375,459859,0,4
2011-11-27,1.33095,1.35449,1.32587,1.33898,444935,0,4
2011-12-04,1.34094,1.34851,1.3281,1.33842,418893,0,4
2011-12-11,1.33636,1.33759,1.29462,1.30419,418630,0,6
2011-12-18,1.30328,1.31956,1.29828,1.30451,349511,0,3
2011-12-25,1.30487,1.30824,1.28577,1.29565,286579,0,5
2012-01-01,1.29443,1.30762,1.26972,1.27188,373701,0,5
2012-01-08,1.26923,1.28778,1.26241,1.26754,416779,0,5
2012-01-15,1.26383,1.29854,1.26254,1.29298,414711,0,5
2012-01-22,1.28808,1.3233,1.28807,1.32189,399132,0,4
2012-01-29,1.32148,1.32206,1.30257,1.31561,418856,0,4
2012-02-05,1.31211,1.33199,1.30278,1.31957,426978,0,5
2012-02-12,1.3238,1.32833,1.29745,1.31418,427567,0,5
2012-02-19,1.32026,1.34856,1.31821,1.34478,388764,0,4
2012-02-26,1.34595,1.34851,1.31876,1.31979,411748,0,5
2012-03-04,1.31953,1.32904,1.30961,1.31221,388769,0,5
2012-03-11,1.3116,1.31905,1.30032,1.31735,359095,0,5
2012-03-18,1.31797,1.32916,1.31343,1.3269,341352,0,5
2012-03-25,1.3268,1.33848,1.31919,1.33408,348155,0,5
2012-04-01,1.33562,1.33801,1.30346,1.30911,333420,0,5
2012-04-08,1.30961,1.32122,1.3033,1.30764,353276,0,5
2012-04-15,1.3069,1.32262,1.29945,1.3217,380825,0,5
2012-04-22,1.3192,1.32695,1.31042,1.32514,353589,0,5
2012-04-29,1.32408,1.32828,1.30799,1.30832,306452,0,5
2012-05-06,1.30245,1.30645,1.29044,1.29162,391689,0,5
2012-05-13,1.28872,1.29038,1.26417,1.27783,390345,0,5
2012-05-20,1.27767,1.2823,1.24964,1.25153,431732,0,5
2012-05-27,1.25707,1.26235,1.22882,1.24325,429758,0,5
2012-06-03,1.24371,1.26243,1.23854,1.2516,436821,0,5
2012-06-10,1.26478,1.26677,1.24423,1.26361,437695,0,5
2012-06-17,1.27371,1.27468,1.25191,1.25677,439106,0,5
2012-06-24,1.25544,1.26918,1.24071,1.26655,420423,0,5
2012-07-01,1.26696,1.26703,1.22598,1.22875,376626,0,5
2012-07-08,1.22659,1.23331,1.21622,1.22485,379199,0,4
2012-07-15,1.22498,1.23214,1.2144,1.21551,379945,0,5
2012-07-22,1.21217,1.23889,1.20418,1.23211,433996,0,5
2012-07-29,1.23012,1.24011,1.21337,1.23848,397075,0,4
2012-08-05,1.23945,1.24422,1.22409,1.22884,374313,0,5
2012-08-12,1.22864,1.23849,1.22561,1.23327,336236,0,5
2012-08-19,1.2338,1.25885,1.22948,1.25109,345156,0,5
2012-08-26,1.25118,1.2636,1.24647,1.25783,271377,0,4
2012-09-02,1.25803,1.28165,1.25012,1.28154,318095,0,5
2012-09-09,1.28064,1.31676,1.27543,1.31286,350167,0,5
2012-09-16,1.31239,1.31706,1.29201,1.29788,361906,0,5
2012-09-23,1.29789,1.29798,1.28293,1.28595,337360,0,4
2012-09-30,1.28488,1.30708,1.28031,1.30391,308188,0,5
2012-10-07,1.30231,1.30246,1.28253,1.29503,285281,0,5
2012-10-14,1.29545,1.31384,1.28908,1.3023,289648,0,5
2012-10-21,1.30231,1.30824,1.28819,1.29385,277072,0,3
2012-10-28,1.29244,1.30199,1.28207,1.28333,226267,0,2
2012-11-04,1.28198,1.28757,1.26895,1.27106,316553,0,4
2012-11-11,1.27154,1.2801,1.26612,1.27418,291536,0,4
2012-11-18,1.27411,1.29896,1.27359,1.29729,279968,0,4
2012-11-25,1.29731,1.30267,1.28796,1.29848,286756,0,3
2012-12-02,1.29934,1.31253,1.28769,1.29261,274917,0,4
2012-12-09,1.28992,1.31727,1.28855,1.31622,258494,0,4
2012-12-16,1.31821,1.33076,1.31437,1.31867,266256,0,3
2012-12-23,1.3179,1.32833,1.31654,1.32146,153549,0,3
2012-12-30,1.32157,1.32992,1.29975,1.30677,221137,0,4
2013-01-06,1.30779,1.33644,1.30165,1.33416,256383,0,3
2013-01-13,1.33621,1.34031,1.32564,1.33195,269667,0,4
2013-01-20,1.33107,1.34785,1.32642,1.34629,253063,0,4
2013-01-27,1.34598,1.37106,1.3414,1.36391,278255,0,4
2013-02-03,1.36488,1.36532,1.33532,1.33614,300546,0,2
2013-02-10,1.33682,1.35193,1.33062,1.33585,261414,0,1
2013-02-17,1.33484,1.34316,1.31451,1.31907,182856,0,2
2013-02-24,1.31904,1.33183,1.29664,1.3018,232860,0,2
2013-03-03,1.30136,1.31341,1.2955,1.30042,138496,0,1
2013-03-10,1.29892,1.31069,1.2911,1.30754,233950,0,1
2013-03-17,1.29071,1.30095,1.28438,1.29867,272748,0,1
2013-03-24,1.29724,1.30479,1.27509,1.28148,217289,0,1
2013-03-31,1.28112,1.30397,1.27454,1.29915,208051,0,1
2013-04-07,1.29937,1.3138,1.29683,1.31082,221065,0,1
2013-04-14,1.31025,1.32015,1.30011,1.3051,274110,0,1
2013-04-21,1.30691,1.30933,1.29547,1.30267,228404,0,1
2013-04-28,1.30585,1.32427,1.30318,1.31131,210198,0,1
2013-05-05,1.3117,1.31944,1.2935,1.29853,200456,0,1
2013-05-12,1.29756,1.30293,1.27962,1.28363,226292,0,1
2013-05-19,1.28446,1.2998,1.28192,1.29278,272812,0,1
2013-05-26,1.29363,1.30614,1.28378,1.29956,277809,0,1
2013-06-02,1.29922,1.33045,1.29555,1.32168,312740,0,1
2013-06-09,1.31917,1.33898,1.31772,1.33445,305920,0,1
2013-06-16,1.33487,1.34158,1.30988,1.31209,298649,0,1
2013-06-23,1.31042,1.31508,1.29848,1.30078,290631,0,1
2013-06-30,1.30144,1.3078,1.28061,1.28291,261610,0,1
2013-07-07,1.28204,1.32066,1.27553,1.30651,304889,0,1
2013-07-14,1.30664,1.31781,1.29934,1.31408,243185,0,1
2013-07-21,1.31366,1.32968,1.31358,1.32765,226713,0,1
2013-07-28,1.32792,1.33446,1.31877,1.32798,234527,0,1
2013-08-04,1.32813,1.34002,1.32327,1.33387,210976,0,1
2013-08-11,1.33366,1.33798,1.32058,1.33279,210860,0,1
2013-08-18,1.33354,1.34518,1.3298,1.33788,224721,0,1
2013-08-25,1.33819,1.33986,1.3175,1.32195,200056,0,1
2013-09-01,1.32122,1.3227,1.31047,1.31766,172401,0,1
2013-09-08,1.31735,1.33244,1.31651,1.32932,168688,0,1
2013-09-15,1.33627,1.35685,1.33251,1.35217,178562,0,1
2013-09-22,1.35318,1.35642,1.34622,1.35216,159908,0,1
2013-09-29,1.34819,1.36455,1.34775,1.35565,181131,0,1
2013-10-06,1.35629,1.3607,1.34857,1.35372,167283,0,1
2013-10-13,1.35569,1.37036,1.34734,1.36853,175662,0,1
2013-10-20,1.36829,1.3832,1.36509,1.3802,158117,0,1
2013-10-27,1.3808,1.38171,1.34799,1.34858,180256,0,1
2013-11-03,1.3491,1.35472,1.32959,1.33644,175919,0,1
2013-11-10,1.33574,1.35046,1.33445,1.34943,178305,0,1
2013-11-17,1.34917,1.3577,1.33992,1.35554,182263,0,1
2013-11-24,1.35536,1.36214,1.34902,1.35901,159441,0,1
2013-12-01,1.35878,1.37061,1.35241,1.37045,198467,0,1
2013-12-08,1.37101,1.38105,1.36943,1.37376,173876,0,1
2013-12-15,1.3737,1.38111,1.36251,1.367,197458,0,1
2013-12-22,1.36723,1.3893,1.36547,1.37462,105245,0,1
2013-12-29,1.37586,1.38189,1.35821,1.35874,156598,0,1
2014-01-05,1.35955,1.36871,1.35484,1.36665,200208,0,0
2014-01-12,1.36662,1.36992,1.35168,1.35405,189193,0,0
2014-01-19,1.35325,1.37393,1.35074,1.36752,198826,0,0
2014-01-26,1.368,1.37163,1.3479,1.34849,222017,0,0
2014-02-02,1.34855,1.36425,1.3477,1.36342,224074,0,0
2014-02-09,1.36232,1.37145,1.3562,1.36918,168062,0,0
2014-02-16,1.37007,1.3773,1.36857,1.3738,148491,0,0
2014-02-23,1.37382,1.38241,1.3643,1.38016,170799,0,0
2014-03-02,1.37856,1.39146,1.37072,1.38746,183866,0,0
2014-03-09,1.38761,1.39666,1.38335,1.39134,325073,0,0
2014-03-16,1.39062,1.39474,1.3749,1.37933,317053,0,0
2014-03-23,1.37914,1.38757,1.37047,1.37513,342361,0,0
2014-03-30,1.37531,1.38201,1.36725,1.37014,327388,0,0
2014-04-06,1.37008,1.39057,1.3696,1.38844,263116,0,0
2014-04-13,1.38573,1.38645,1.37899,1.38068,163032,0,1
2014-04-20,1.38164,1.38545,1.37849,1.3833,148035,0,0
2014-04-27,1.38394,1.38889,1.37749,1.38689,180202,0,0
2014-05-04,1.38724,1.39932,1.37453,1.37577,232961,0,0
2014-05-11,1.37569,1.37747,1.36484,1.36933,206253,0,1
2014-05-18,1.36978,1.37337,1.36155,1.3628,154702,0,0
2014-05-25,1.36246,1.36681,1.35858,1.36339,135950,0,0
2014-06-01,1.36304,1.36769,1.35028,1.36423,212522,0,0
2014-06-08,1.36458,1.36685,1.35121,1.35379,197118,0,0
2014-06-15,1.35373,1.36433,1.35129,1.35995,183483,0,0
2014-06-22,1.35949,1.3651,1.35738,1.36488,166306,0,0
2014-06-29,1.3645,1.36991,1.35851,1.35944,110855,0,1
2014-07-06,1.35935,1.36506,1.35758,1.36032,151484,0,1
2014-07-13,1.36055,1.36401,1.34908,1.35203,214577,0,1
2014-07-20,1.35268,1.35484,1.3421,1.34288,221099,0,1
2014-07-27,1.34305,1.34446,1.33665,1.34264,215617,0,1
2014-08-03,1.34271,1.34323,1.33327,1.34094,228913,0,6
2014-08-10,1.34061,1.34148,1.33356,1.33975,200862,0,6
2014-08-17,1.33913,1.33988,1.32204,1.32381,198054,0,2
2014-08-24,1.31914,1.32204,1.31323,1.31323,181357,0,1
2014-08-31,1.31292,1.316,1.29201,1.2951,210091,0,1
2014-09-07,1.29531,1.29791,1.28594,1.29643,295977,0,1
2014-09-14,1.29679,1.29951,1.28275,1.28284,260293,0,1
2014-09-21,1.28267,1.29012,1.26769,1.26825,287020,0,1
2014-09-28,1.26812,1.27149,1.25006,1.25145,285632,0,1
2014-10-05,1.25132,1.27914,1.25089,1.26272,348625,0,1
2014-10-12,1.26273,1.28868,1.26248,1.27591,453256,0,1
2014-10-19,1.27552,1.28397,1.26134,1.26681,363842,0,3
2014-10-26,1.26751,1.27701,1.24851,1.25231,399235,0,1
2014-11-02,1.25085,1.25772,1.23571,1.24535,494358,0,1
2014-11-09,1.24637,1.25462,1.23939,1.25215,463927,0,1
2014-11-16,1.25204,1.25991,1.23747,1.23892,392866,0,1
2014-11-23,1.23623,1.2531,1.23623,1.24498,278942,22224335000,1
2014-11-30,1.24613,1.25062,1.22707,1.22844,287048,0,1
2014-12-07,1.22828,1.24949,1.22472,1.246,335435,428248938800,1
2014-12-14,1.24731,1.25696,1.222,1.22224,351726,475662784000,0
2014-12-21,1.2223,1.22723,1.21644,1.21773,522167,778831584000,0
2014-12-28,1.21807,1.22209,1.19997,1.20014,199101,189085240000,0
2015-01-04,1.19454,1.19757,1.17536,1.18402,458565,0,9
2015-01-11,1.18481,1.18702,1.14594,1.1565,520065,0,9
2015-01-18,1.15524,1.1679,1.11145,1.12032,251059,0,6
2015-01-25,1.11492,1.14221,1.1097,1.12844,278771,26232873000,1
2015-02-01,1.13115,1.15332,1.12918,1.13102,349852,0,1
2015-02-08,1.12952,1.14421,1.12698,1.13919,330358,0,5
2015-02-15,1.13994,1.14496,1.12788,1.13785,314887,0,1
2015-02-22,1.1394,1.13952,1.11758,1.11957,296476,0,5
2015-03-01,1.11805,1.12402,1.08387,1.08433,300856,0,5
2015-03-08,1.08296,1.09061,1.04619,1.0491,401922,0,2
2015-03-15,1.04855,1.10415,1.04791,1.08189,435126,0,1
2015-03-22,1.08667,1.10515,1.07667,1.08841,414507,0,5
2015-03-29,1.08841,1.10261,1.07123,1.09679,327491,0,1
2015-04-05,1.10007,1.10348,1.05674,1.0603,329302,0,1
2015-04-12,1.0603,1.08481,1.05202,1.08089,431252,0,2
2015-04-19,1.08089,1.08996,1.06594,1.087,452832,0,4
2015-04-26,1.08627,1.12896,1.08191,1.11967,549654,0,4
2015-05-03,1.11922,1.13918,1.10662,1.12085,190619,0,1
2015-05-10,1.12,1.14661,1.11305,1.14466,422918,0,1
2015-05-17,1.14485,1.14485,1.10016,1.10141,500607,0,4
2015-05-24,1.10052,1.10089,1.08185,1.09895,504263,0,5
2015-05-31,1.09835,1.13793,1.08865,1.11163,662111,0,1
2015-06-07,1.11018,1.13855,1.10837,1.12621,808892,0,5
2015-06-14,1.12133,1.1436,1.11893,1.13483,683352,0,4
2015-06-21,1.1374,1.14097,1.11297,1.11713,671863,0,5
2015-06-28,1.10047,1.12776,1.09538,1.11038,714227,0,4
2015-07-05,1.09794,1.12153,1.09158,1.11541,787387,0,4
2015-07-12,1.10993,1.11963,1.08281,1.08299,695744,0,5
2015-07-19,1.08332,1.1018,1.08078,1.09762,756333,362240361000,4
2015-07-26,1.09759,1.11292,1.08931,1.09831,708373,974474696000,5
2015-08-02,1.09711,1.09957,1.08477,1.0964,680722,966121143000,5
2015-08-09,1.09623,1.12137,1.0925,1.111,600900,819337173000,4
2015-08-16,1.1114,1.13884,1.10171,1.13865,729892,1017363513000,7
2015-08-23,1.13742,1.17138,1.11559,1.11803,1072302,1239910391000,7
2015-08-30,1.11767,1.13318,1.10869,1.11469,745872,1053585481000,7
2015-09-06,1.11571,1.13493,1.1121,1.13395,724352,1042566194000,7
2015-09-13,1.13298,1.146,1.12138,1.12985,697376,1051997574000,7
2015-09-20,1.12823,1.13298,1.11049,1.11994,735427,1103243120000,7
2015-09-27,1.1191,1.13181,1.11347,1.12095,734787,1104037547000,4
2015-10-04,1.12202,1.13869,1.11717,1.13569,723200,1157952219000,7
2015-10-11,1.13588,1.14949,1.13339,1.13474,624106,1001400043000,0
2015-10-18,1.13546,1.13868,1.09963,1.10169,650550,1056362226000,0
2015-10-25,1.10071,1.10955,1.08966,1.1005,621044,999421622000,0
2015-11-01,1.10266,1.10527,1.0707,1.0739,632031,1028290494000,0
2015-11-08,1.07283,1.08301,1.0674,1.07668,754210,1151847960000,0
2015-11-15,1.07366,1.07628,1.06166,1.06451,728822,1169431344000,0
2015-11-22,1.06372,1.0689,1.05657,1.05938,691941,1106524406000,0
2015-11-29,1.05887,1.09807,1.05222,1.08779,808995,1277493798000,0
2015-12-06,1.08681,1.10427,1.07958,1.09894,775048,1169925620000,0
2015-12-13,1.09801,1.10593,1.08023,1.08613,813414,1109525424000,0
2015-12-20,1.08511,1.09839,1.08457,1.09542,414093,525729500000,0
2015-12-27,1.09441,1.09922,1.08526,1.08609,332889,393294847000,0
2016-01-03,1.08696,1.09462,1.07104,1.09245,789395,1045801868000,0
2016-01-10,1.09171,1.09844,1.08046,1.09132,843872,1185031337000,0
2016-01-17,1.09206,1.09757,1.0777,1.07965,859880,1267134159000,0
2016-01-24,1.07886,1.09674,1.07886,1.083,857963,1226975883000,0
2016-01-31,1.08297,1.12468,1.08142,1.11578,914283,1156926575000,7
2016-02-07,1.11415,1.13761,1.10862,1.12503,1112797,1570667151000,0
2016-02-14,1.12336,1.12495,1.10664,1.11279,823814,1162729462000,0
2016-02-21,1.11111,1.11244,1.09114,1.09289,805888,1346337448000,0
2016-02-28,1.0913,1.1043,1.08251,1.10064,805347,1294858673000,5
2016-03-06,1.09879,1.12177,1.08219,1.11462,732100,1138434791000,7
2016-03-13,1.11444,1.13422,1.10575,1.12688,703779,1038301145000,7
2016-03-20,1.12682,1.12844,1.11439,1.11613,474566,619871355000,0
2016-03-27,1.11599,1.14377,1.11527,1.13897,660864,1100120444000,0
2016-04-03,1.13994,1.14538,1.13262,1.13949,731689,1167671031000,0
2016-04-10,1.14138,1.14645,1.12335,1.12827,679931,1117963972000,0
2016-04-17,1.12998,1.13985,1.12154,1.12154,661726,928891644000,0
2016-04-24,1.12167,1.1459,1.12145,1.14504,690513,1005193577000,0
2016-05-01,1.14582,1.16159,1.13856,1.14009,714720,1006960940000,0
2016-05-08,1.13939,1.14462,1.12825,1.13088,595504,923758689000,0
2016-05-15,1.13098,1.13482,1.11796,1.12217,606041,975882437000,0
2016-05-22,1.12033,1.12426,1.11107,1.1113,574241,945429153000,0
2016-05-29,1.11125,1.13732,1.10707,1.13662,637599,1092489360000,0
2016-06-05,1.13542,1.14151,1.1245,1.12533,645488,1109201421000,0
2016-06-12,1.12478,1.13027,1.11307,1.12752,746001,1257713456000,0
2016-06-19,1.13308,1.14278,1.09113,1.10912,829120,1254982379000,0
2016-06-26,1.10024,1.11689,1.09705,1.11361,824124,1151508206000,0
2016-07-03,1.11245,1.11862,1.10016,1.10497,635295,948449105000,0
2016-07-10,1.10448,1.11644,1.10153,1.10244,683286,1159470478000,0
2016-07-17,1.10497,1.10839,1.09551,1.09747,575364,1001480969000,0
2016-07-24,1.09725,1.11972,1.09314,1.11743,580293,843704556000,0
2016-07-31,1.11715,1.12334,1.10453,1.10867,531328,633152185000,0
2016-08-07,1.10795,1.12209,1.107,1.11634,503635,717601669000,0
2016-08-14,1.11659,1.13661,1.1153,1.13237,553397,701510710000,0
2016-08-21,1.13087,1.13548,1.11806,1.11856,521203,636044205000,0
2016-08-28,1.11823,1.12518,1.11227,1.11449,519827,568181727000,0
2016-09-04,1.11564,1.13266,1.11393,1.12235,550864,570112272000,0
2016-09-11,1.12304,1.12833,1.11492,1.11535,610953,710811979000,0
2016-09-18,1.11531,1.12569,1.11228,1.12149,564041,613511528000,0
2016-09-25,1.1229,1.12788,1.11531,1.12399,628079,698639644000,0
2016-10-02,1.12262,1.12439,1.1104,1.11931,692360,818381106000,0
2016-10-09,1.1181,1.12028,1.09699,1.09711,663885,730049018000,0
2016-10-16,1.09689,1.10388,1.0859,1.08736,557208,528473480000,0
2016-10-23,1.08801,1.09915,1.08507,1.09745,552779,461187947000,0
2016-10-30,1.09841,1.11405,1.09355,1.11375,589055,524553953000,0
2016-11-06,1.10616,1.12991,1.08301,1.08503,856770,769952179000,0
2016-11-13,1.08316,1.08403,1.05687,1.05826,830097,742663966000,0
2016-11-20,1.05915,1.06575,1.05176,1.05772,760860,651550339000,0
2016-11-27,1.06079,1.06896,1.05521,1.06538,745457,596530190000,0
2016-12-04,1.06171,1.08734,1.05044,1.05515,608947,399965566000,0
2016-12-11,1.05326,1.06698,1.0366,1.04401,659991,466309077000,0
2016-12-18,1.04374,1.04989,1.03519,1.047,528018,444497638000,0
2016-12-25,1.04607,1.06522,1.03249,1.05068,478283,408342680000,0
2017-01-01,1.051,1.06207,1.03399,1.05235,667689,565905926000,0
2017-01-08,1.05292,1.06844,1.04534,1.0642,775893,605416033000,0
2017-01-15,1.06023,1.0719,1.05789,1.06982,762890,628195585000,0
2017-01-22,1.07004,1.07745,1.06572,1.06968,714178,620828223000,0
2017-01-29,1.07023,1.08284,1.062,1.07789,735461,648054137000,0
2017-02-05,1.07848,1.07906,1.06072,1.06377,634550,552315453000,0
2017-02-12,1.06276,1.0679,1.0521,1.06056,610060,547506040000,0
2017-02-19,1.06069,1.06326,1.04933,1.05513,569455,490297713000,0
2017-02-26,1.05622,1.06304,1.04946,1.06166,629942,560126465000,0
2017-03-05,1.06033,1.06988,1.05247,1.06712,600364,549991275000,7
2017-03-12,1.06832,1.07821,1.05995,1.07362,622371,554502597000,0
2017-03-19,1.07384,1.08245,1.07189,1.07957,584753,519252993000,0
2017-03-26,1.08316,1.09057,1.06462,1.06462,548814,507688407000,0
2017-04-02,1.06591,1.06887,1.05804,1.05884,512352,486033592000,0
2017-04-09,1.0586,1.06773,1.05695,1.06096,428208,394885406000,0
2017-04-16,1.06102,1.07773,1.06025,1.07266,436803,433378274000,0
2017-04-23,1.09047,1.09506,1.08205,1.08921,552212,495314935000,0
2017-04-30,1.09086,1.09988,1.08745,1.09863,481082,454482346000,0
2017-05-07,1.1016,1.10176,1.08387,1.09268,537969,524230552000,0
2017-05-14,1.09318,1.12115,1.09222,1.1174,629838,613359886000,0
2017-05-21,1.11984,1.1268,1.11602,1.11733,576689,548471307000,0
2017-05-28,1.1166,1.12848,1.11092,1.12784,497227,465406907000,0
2017-06-04,1.12699,1.12837,1.11661,1.11935,446925,0,7
2017-06-11,1.12045,1.12954,1.11318,1.11961,443306,0,7
2017-06-18,1.12037,1.12125,1.11186,1.11928,379840,0,7
2017-06-25,1.11969,1.14451,1.11714,1.14254,510144,0,7
2017-07-02,1.14175,1.14395,1.13121,1.13954,426350,0,7
2017-07-09,1.13965,1.14891,1.137,1.14666,462552,0,7
2017-07-16,1.14688,1.16825,1.14345,1.16623,526042,0,7
2017-07-23,1.16589,1.17765,1.16123,1.17494,556011,0,7
2017-07-30,1.17518,1.191,1.17229,1.17719,523449,0,7
2017-08-06,1.17729,1.18468,1.16885,1.18189,481809,0,7
2017-08-13,1.18212,1.1838,1.16619,1.17578,516012,0,7
2017-08-20,1.1759,1.19411,1.17307,1.19209,422203,0,7
2017-08-27,1.19423,1.20699,1.18228,1.18627,535251,0,7
2017-09-03,1.18807,1.20921,1.18679,1.20337,565122,0,7
2017-09-10,1.20161,1.20292,1.18379,1.19447,496328,1054193000,0
2017-09-17,1.19233,1.2033,1.18611,1.19465,493193,0,0
2017-09-24,1.18987,1.19366,1.17171,1.18131,501792,0,0
2017-10-01,1.17945,1.18151,1.16692,1.1729,399130,0,0
2017-10-08,1.17305,1.18797,1.17195,1.18195,344846,0,0
2017-10-15,1.1812,1.18579,1.173,1.17811,371239,0,0
2017-10-22,1.17664,1.18367,1.15742,1.16075,399532,0,0
2017-10-29,1.16054,1.16906,1.15933,1.16066,337299,0,0
2017-11-05,1.16097,1.16779,1.1554,1.16637,334933,0,0
2017-11-12,1.16574,1.18603,1.16373,1.17884,346862,0,0
2017-11-19,1.17852,1.19443,1.17129,1.19287,322068,0,0
2017-11-26,1.19265,1.19611,1.18089,1.18919,421435,0,0
2017-12-03,1.18618,1.18786,1.17302,1.17731,394406,0,0
2017-12-10,1.1765,1.18625,1.17175,1.17505,381570,0,0
2017-12-17,1.17435,1.19017,1.17375,1.1863,505827,0,0
2017-12-24,1.18704,1.20255,1.18466,1.20045,280843,0,1
2017-12-31,1.20088,1.20889,1.20007,1.20298,416717,0,1
2018-01-07,1.20268,1.22185,1.19155,1.22,686104,0,1
2018-01-14,1.21932,1.23231,1.21652,1.22224,852634,0,1
2018-01-21,1.22698,1.25378,1.22139,1.24264,1005448,0,0
2018-01-28,1.24259,1.2522,1.23348,1.2456,951366,0,1
2018-02-04,1.24344,1.24749,1.22054,1.22498,1160485,0,1
2018-02-11,1.22442,1.25554,1.2235,1.24105,810971,0,1
2018-02-18,1.24008,1.24352,1.22595,1.22935,725797,0,1
2018-02-25,1.2293,1.2355,1.21546,1.23184,748826,0,1
2018-03-04,1.23324,1.24462,1.22688,1.23053,786397,0,1
2018-03-11,1.23096,1.24125,1.226,1.22889,619336,0,1
2018-03-18,1.22872,1.23885,1.22396,1.23514,650183,0,1
2018-03-25,1.23497,1.24763,1.22839,1.23218,529644,0,1
2018-04-01,1.23192,1.2345,1.22149,1.22809,406643,0,1
2018-04-08,1.22794,1.23964,1.22602,1.2329,385944,0,1
2018-04-15,1.23289,1.24137,1.22496,1.22873,339671,0,1
2018-04-22,1.22695,1.22895,1.20553,1.21293,440328,0,1
2018-04-29,1.21248,1.21387,1.19108,1.19609,514946,0,1
2018-05-06,1.19507,1.1978,1.18226,1.19417,467822,0,1
2018-05-13,1.19418,1.19961,1.17498,1.17705,523562,0,1
2018-05-20,1.17696,1.18297,1.16452,1.16492,539475,0,1
2018-05-27,1.16823,1.17284,1.15098,1.16596,643643,0,0
2018-06-03,1.16554,1.18398,1.16526,1.17693,494367,0,0
2018-06-10,1.17732,1.18519,1.1543,1.1607,526713,0,1
2018-06-17,1.15874,1.16749,1.15078,1.16539,574416,0,1
2018-06-24,1.16635,1.17205,1.15271,1.16831,625519,0,1
2018-07-01,1.16841,1.17679,1.15912,1.17435,453108,0,1
2018-07-08,1.17382,1.17908,1.16128,1.16856,467936,0,1
2018-07-15,1.16895,1.17446,1.15747,1.17209,554059,0,0
2018-07-22,1.17261,1.17497,1.16199,1.16565,372540,0,3
2018-07-29,1.16563,1.17455,1.15598,1.15672,313409,0,2
2018-08-05,1.15681,1.16278,1.13878,1.14111,316260,0,2
2018-08-12,1.13714,1.14445,1.13006,1.14381,424668,0,2
2018-08-19,1.14366,1.16394,1.1394,1.16218,372151,0,2
2018-08-26,1.1616,1.17333,1.15842,1.16021,387148,0,2
2018-09-02,1.15955,1.16588,1.15297,1.15526,361319,0,2
2018-09-09,1.15494,1.17213,1.15255,1.16219,315729,0,2
2018-09-16,1.16231,1.18024,1.16175,1.17537,344737,0,3
2018-09-23,1.17405,1.18148,1.15693,1.1602,369733,0,2
2018-09-30,1.16156,1.16243,1.1463,1.15234,391742,0,3
2018-10-07,1.15205,1.16101,1.14318,1.15584,428430,0,2
2018-10-14,1.15364,1.16209,1.14326,1.15142,387061,0,2
2018-10-21,1.1516,1.15498,1.13353,1.14021,412609,0,2
2018-10-28,1.13978,1.14555,1.13017,1.13859,374875,0,3
2018-11-04,1.13853,1.14994,1.13157,1.13343,396615,0,2
2018-11-11,1.13184,1.14199,1.12153,1.1414,443026,0,3
2018-11-18,1.14136,1.14719,1.1327,1.13296,297639,0,2
2018-11-25,1.13391,1.14013,1.12667,1.13155,352113,0,2
2018-12-02,1.13499,1.14233,1.13104,1.13962,372424,0,2
2018-12-09,1.13893,1.14423,1.12694,1.13053,400607,0,2
2018-12-16,1.12995,1.14855,1.12957,1.13665,426163,0,2
2018-12-23,1.13675,1.14723,1.13422,1.14398,287476,0,2
2018-12-30,1.14337,1.14967,1.13088,1.13955,331483,0,2
2019-01-06,1.13957,1.15698,1.13952,1.14626,365279,0,2
2019-01-13,1.14569,1.14893,1.13528,1.13655,346702,0,3
2019-01-20,1.13587,1.14172,1.12889,1.14051,334430,0,3
2019-01-27,1.14006,1.15139,1.13897,1.14529,365092,0,2
2019-02-03,1.14506,1.146,1.13206,1.13217,260644,0,2
2019-02-10,1.13196,1.1341,1.12336,1.12905,289987,0,2
2019-02-17,1.12917,1.13707,1.1275,1.13303,298622,0,3
2019-02-24,1.13332,1.14192,1.1327,1.13626,317731,0,2
2019-03-03,1.13734,1.1381,1.11756,1.12324,304064,0,2
2019-03-10,1.12345,1.13439,1.12214,1.13237,294352,0,2
2019-03-17,1.1323,1.14477,1.12729,1.13006,303744,0,0
2019-03-24,1.12934,1.1331,1.12094,1.12166,348369,0,2
2019-03-31,1.12258,1.12543,1.11833,1.12152,280586,0,3
2019-04-07,1.12139,1.13235,1.12101,1.12981,237518,0,2
2019-04-14,1.13032,1.13234,1.12258,1.12388,225375,0,2
2019-04-21,1.12396,1.12616,1.11105,1.1142,241061,0,2
2019-04-28,1.1139,1.12644,1.11346,1.12021,266238,0,2
2019-05-05,1.11707,1.12532,1.11662,1.12333,304590,0,3
2019-05-12,1.12296,1.12631,1.11548,1.11565,251498,0,2
2019-05-19,1.116,1.12118,1.11066,1.12044,233185,0,3
2019-05-26,1.12094,1.1215,1.11157,1.11676,225397,0,1
2019-06-02,1.11644,1.13474,1.11596,1.13322,325800,0,1
2019-06-09,1.13224,1.1343,1.1202,1.12103,256590,0,3
2019-06-16,1.12088,1.13773,1.11809,1.13699,318802,0,1
2019-06-23,1.13696,1.14116,1.13437,1.13693,290931,0,2
2019-06-30,1.1367,1.13707,1.1207,1.12248,223778,0,2
2019-07-07,1.1224,1.12857,1.11932,1.12699,215465,0,1
2019-07-14,1.12654,1.12838,1.11997,1.12194,222048,0,1
2019-07-21,1.1214,1.12252,1.11013,1.1127,204455,0,2
2019-07-28,1.11253,1.1162,1.10269,1.1105,319326,0,2
2019-08-04,1.11032,1.12495,1.11027,1.11998,387700,0,2
2019-08-11,1.11977,1.12306,1.10663,1.10893,350110,0,1
2019-08-18,1.10924,1.11531,1.10515,1.11386,272508,0,1
2019-08-25,1.11496,1.11639,1.0963,1.09893,379954,0,1
2019-09-01,1.09899,1.10846,1.09257,1.10245,321987,0,1
2019-09-08,1.10256,1.11094,1.09267,1.10697,246396,0,1
2019-09-15,1.1072,1.10863,1.09902,1.10187,244353,0,1
2019-09-22,1.1012,1.10253,1.09038,1.09411,237660,0,1
2019-09-29,1.09403,1.09992,1.0879,1.09772,240507,0,1
2019-10-06,1.0979,1.10627,1.09411,1.1036,245042,0,1
2019-10-13,1.10314,1.11702,1.09912,1.11689,237094,0,1
2019-10-20,1.11604,1.11793,1.10729,1.10794,173330,0,1
2019-10-27,1.10788,1.11756,1.10735,1.11648,179586,0,1
2019-11-03,1.11687,1.11753,1.10166,1.10189,182718,0,1
2019-11-10,1.10185,1.10567,1.0989,1.10515,149602,0,1
2019-11-17,1.1051,1.10969,1.10144,1.10182,153731,0,1
2019-11-24,1.10151,1.1032,1.0981,1.10152,134465,0,1
2019-12-01,1.10241,1.11161,1.10029,1.10595,154743,0,1
2019-12-08,1.10574,1.11993,1.10533,1.11173,190392,0,1
2019-12-15,1.11259,1.11745,1.10662,1.10751,162001,0,1
2019-12-22,1.1075,1.11882,1.1069,1.1176,98438,0,1
2019-12-29,1.11754,1.12392,1.1125,1.11558,138660,0,1
2020-01-05,1.11646,1.12054,1.1085,1.11212,181181,0,1
2020-01-12,1.11162,1.11726,1.10862,1.10893,145338,0,1
2020-01-19,1.1092,1.1118,1.10196,1.10255,148300,0,1
2020-01-26,1.10295,1.10951,1.09922,1.10943,162515,0,1
2020-02-02,1.10907,1.10927,1.09418,1.0943,168791,0,1
2020-02-09,1.09424,1.09574,1.08272,1.08301,153862,0,1
2020-02-16,1.08397,1.08634,1.07775,1.08474,170332,0,1
2020-02-23,1.0825,1.10531,1.08049,1.10293,349962,0,1
2020-03-01,1.10407,1.13546,1.10362,1.12901,385483,0,1
2020-03-08,1.13469,1.14964,1.10549,1.11025,847709,0,0
2020-03-15,1.11886,1.12364,1.06375,1.06935,1049884,0,0
2020-03-22,1.06937,1.1147,1.06355,1.11431,849143,0,0
2020-03-29,1.11159,1.11439,1.07727,1.08127,543298,0,0
2020-04-05,1.08088,1.09522,1.07682,1.09347,390449,0,0
2020-04-12,1.09428,1.09907,1.08119,1.08739,550745,0,0
2020-04-19,1.08625,1.08965,1.07269,1.08244,506704,0,0
2020-04-26,1.08208,1.1018,1.08096,1.09802,387192,0,0
2020-05-03,1.09684,1.09743,1.07664,1.08386,276192,0,0
2020-05-10,1.0824,1.08963,1.07748,1.08187,266133,0,0
2020-05-17,1.08014,1.10082,1.07998,1.09022,235768,0,0
2020-05-24,1.08953,1.1145,1.08706,1.11076,286301,0,0
2020-05-31,1.1115,1.13837,1.11003,1.12874,368853,0,0
2020-06-07,1.12932,1.14222,1.12125,1.12604,408736,0,0
2020-06-14,1.12356,1.13531,1.11681,1.11765,387480,0,0
2020-06-21,1.11819,1.13483,1.11684,1.12179,284549,0,0
2020-06-28,1.12146,1.13025,1.11847,1.12482,222081,0,1
2020-07-05,1.1243,1.13706,1.12406,1.12965,234141,0,0
2020-07-12,1.13015,1.14518,1.13008,1.14258,230758,0,1
2020-07-19,1.14042,1.16576,1.14021,1.16549,263527,0,0
2020-07-26,1.16431,1.19086,1.16412,1.17713,314222,0,0
2020-08-02,1.17697,1.1916,1.16957,1.17854,292920,0,0
2020-08-09,1.17864,1.1864,1.17109,1.18413,255048,0,0
2020-08-16,1.18377,1.19656,1.17542,1.17964,256632,0,0
2020-08-23,1.17929,1.19196,1.17621,1.19055,263442,0,1
2020-08-30,1.19036,1.20108,1.17808,1.18394,278392,0,0
2020-09-06,1.18458,1.19174,1.17528,1.18459,245400,0,1
2020-09-13,1.18362,1.19004,1.17374,1.18413,233660,0,1
2020-09-20,1.18455,1.18717,1.16122,1.16296,262427,0,0
2020-09-27,1.16222,1.17694,1.16151,1.17165,262579,0,0
2020-10-04,1.17131,1.18304,1.17053,1.18293,218670,0,0
2020-10-11,1.18173,1.18265,1.16882,1.1716,205670,0,0
2020-10-18,1.17195,1.18806,1.1703,1.18598,207002,0,0
2020-10-25,1.18551,1.18554,1.16398,1.16462,228546,0,0
2020-11-01,1.16468,1.18909,1.16019,1.18746,338196,0,0
2020-11-08,1.18873,1.192,1.17455,1.18326,346088,0,0
2020-11-15,1.184,1.18939,1.18141,1.18587,249392,0,0
2020-11-22,1.18496,1.1963,1.18,1.19593,228011,0,0
2020-11-29,1.196,1.21773,1.19236,1.21201,336825,0,0
2020-12-06,1.21299,1.21664,1.20585,1.21125,378639,0,0
2020-12-13,1.21366,1.22729,1.21156,1.22542,332396,0,0
2020-12-20,1.22166,1.22573,1.21296,1.21808,309592,0,0
2020-12-27,1.21696,1.23099,1.21696,1.22155,246700,0,0
2021-01-03,1.22395,1.23494,1.21932,1.22218,464146,0,0
2021-01-10,1.22116,1.22285,1.2075,1.20766,373830,0,0
2021-01-17,1.20813,1.21894,1.20536,1.21704,296772,0,0
2021-01-24,1.21704,1.21833,1.20586,1.21353,333298,0,0
2021-01-31,1.21301,1.21364,1.19522,1.20492,291757,0,0
2021-02-07,1.20426,1.21493,1.20197,1.21189,275406,0,0
2021-02-14,1.2124,1.21694,1.20234,1.21174,293162,0,0
2021-02-21,1.21131,1.22432,1.20622,1.20727,450580,0,1
2021-02-28,1.20688,1.21132,1.18928,1.1912,425523,0,0
2021-03-07,1.19166,1.199,1.18356,1.19519,452373,0,1
2021-03-14,1.19473,1.1989,1.18738,1.19044,365482,0,1
2021-03-21,1.18828,1.19467,1.17619,1.17933,316659,0,1
2021-03-28,1.17886,1.17937,1.17041,1.17608,256311,0,0
2021-04-04,1.17543,1.19273,1.17382,1.1901,259926,0,0
2021-04-11,1.18881,1.19949,1.18712,1.19809,248024,0,1
2021-04-18,1.19716,1.21,1.19426,1.20973,228264,0,0
2021-04-25,1.20922,1.21502,1.20166,1.20208,224254,0,0
2021-05-02,1.20301,1.21713,1.1986,1.21618,232014,0,0
2021-05-09,1.216,1.21817,1.20515,1.21441,294198,0,0
2021-05-16,1.21323,1.22452,1.2126,1.21806,285032,0,0
2021-05-23,1.21776,1.22664,1.21327,1.21896,296788,0,0
2021-05-30,1.21993,1.22543,1.21041,1.21662,258307,0,0
2021-06-06,1.21595,1.22179,1.20927,1.21063,253570,0,0
2021-06-13,1.21025,1.21473,1.18537,1.18597,336016,0,0
2021-06-20,1.1855,1.19752,1.18477,1.1937,347287,0,0
2021-06-27,1.19316,1.19445,1.18071,1.18646,334971,0,0
2021-07-04,1.18576,1.1895,1.17817,1.18774,367782,0,0
2021-07-11,1.18715,1.18802,1.17719,1.18055,341420,0,0
2021-07-18,1.18054,1.18303,1.17519,1.17689,321944,0,0
2021-07-25,1.17677,1.19087,1.17635,1.1873,285774,0,0
2021-08-01,1.18641,1.18997,1.17544,1.17611,239558,0,0
2021-08-08,1.17568,1.18048,1.17061,1.17962,206636,0,0
2021-08-15,1.17941,1.18007,1.1664,1.16996,238848,0,0
2021-08-22,1.16897,1.18026,1.16897,1.17955,231737,0,0
2021-08-29,1.17926,1.19091,1.17829,1.18772,238088,0,0
2021-09-05,1.18768,1.18862,1.18022,1.18107,270402,0,0
2021-09-12,1.18143,1.1846,1.17242,1.1725,282874,0,0
2021-09-19,1.17272,1.17555,1.16835,1.17206,309466,0,0
2021-09-26,1.17255,1.17255,1.15626,1.15927,326858,0,0
2021-10-03,1.15922,1.164,1.15292,1.15736,279498,0,0
2021-10-10,1.15659,1.16245,1.15242,1.15981,289659,0,0
2021-10-17,1.15976,1.16692,1.15717,1.16437,316238,0,0
2021-10-24,1.1638,1.1692,1.15353,1.1562,346236,0,0
2021-10-31,1.15626,1.16162,1.15134,1.15665,310576,0,0
2021-11-07,1.15597,1.16086,1.14328,1.14427,319140,0,0
2021-11-14,1.14456,1.14641,1.12498,1.12829,376954,0,0
2021-11-21,1.12884,1.13303,1.11861,1.13215,411498,0,0
2021-11-28,1.13002,1.1383,1.12354,1.13083,436025,0,0
2021-12-05,1.12995,1.13549,1.12274,1.13162,310002,0,0
2021-12-12,1.13077,1.13602,1.12217,1.12372,316251,0,0
2021-12-19,1.12356,1.13435,1.12341,1.13197,271002,0,0
2021-12-26,1.13023,1.13861,1.12732,1.13755,218536,0,0
2022-01-02,1.13693,1.13778,1.12723,1.1359,294714,0,0
2022-01-09,1.1355,1.14829,1.12853,1.14151,267675,0,0
2022-01-16,1.14117,1.14342,1.1301,1.13421,281043,0,0
2022-01-23,1.13371,1.13447,1.11214,1.11469,371313,0,0
2022-01-30,1.11406,1.14836,1.11378,1.14514,402288,0,0
2022-02-06,1.14573,1.1495,1.13297,1.13477,412756,0,0
2022-02-13,1.13376,1.13955,1.128,1.13227,448592,0,0
2022-02-20,1.13145,1.13907,1.11063,1.12716,508018,0,0
2022-02-27,1.11295,1.12464,1.08852,1.09305,611388,0,0
2022-03-06,1.09255,1.11213,1.0806,1.09137,680888,0,0
2022-03-13,1.09155,1.11376,1.09004,1.10503,520604,0,0
2022-03-20,1.10504,1.10702,1.0961,1.09854,399423,0,0
2022-03-27,1.09842,1.11848,1.09447,1.10447,537061,0,0
2022-04-03,1.10336,1.10543,1.08364,1.08747,407277,0,0
2022-04-10,1.09159,1.09333,1.07576,1.08113,417038,0,0
2022-04-17,1.07994,1.09364,1.07612,1.08009,415846,0,0
2022-04-24,1.08071,1.08145,1.04709,1.0546,580547,0,0
2022-05-01,1.05421,1.06419,1.04828,1.05439,568611,0,0
2022-05-08,1.05387,1.05925,1.03494,1.04077,622343,0,0
2022-05-15,1.03959,1.06073,1.03887,1.05582,474415,0,0
2022-05-22,1.05601,1.07651,1.05561,1.07309,443535,0,0
2022-05-29,1.07326,1.07869,1.06272,1.07165,399166,0,0
2022-06-05,1.07146,1.07739,1.0506,1.05207,448015,0,0
2022-06-12,1.05137,1.06009,1.03591,1.04962,763811,0,0
2022-06-19,1.04747,1.06054,1.04691,1.05534,550581,0,0
2022-06-26,1.05456,1.06149,1.03657,1.04261,632249,0,0
2022-07-03,1.04146,1.04627,1.00717,1.01831,638127,0,0
2022-07-10,1.01696,1.01831,0.99522,1.00854,696520,0,0
2022-07-17,1.00816,1.02783,1.00734,1.02109,681226,0,0
2022-07-24,1.02116,1.0258,1.00964,1.02258,637738,0,0
2022-07-31,1.02075,1.02936,1.01229,1.01776,629926,0,0
2022-08-07,1.01711,1.03688,1.01594,1.0256,513915,0,0
2022-08-14,1.02545,1.02684,1.00321,1.00393,502125,0,0
2022-08-21,1.00348,1.00901,0.99004,0.99646,549301,0,0
2022-08-28,0.99645,1.0079,0.9911,0.99571,614192,0,0
2022-09-04,0.99282,1.01134,0.9864,1.00455,601805,0,0
2022-09-11,1.01017,1.01979,0.99444,1.00129,557145,0,0
2022-09-18,1.00043,1.00506,0.96678,0.9688,585207,0,0
2022-09-25,0.96714,0.98539,0.95357,0.9799,885965,0,0
2022-10-02,0.97747,0.99996,0.97259,0.97381,729659,0,0
2022-10-09,0.97312,0.98082,0.96314,0.97234,807156,0,0
2022-10-16,0.97184,0.98757,0.9705,0.98626,803683,0,0
2022-10-23,0.98619,1.00933,0.9807,0.99657,770177,0,0
2022-10-30,0.99554,0.99761,0.97302,0.99594,664712,0,0
2022-11-06,0.99007,1.03642,0.98987,1.0353,727751,0,0
2022-11-13,1.03393,1.04819,1.02714,1.032,769263,0,0
2022-11-20,1.03195,1.04485,1.02228,1.03939,538414,0,0
2022-11-27,1.03664,1.05449,1.02899,1.05407,692092,0,0
2022-12-04,1.05306,1.0595,1.04431,1.05334,572323,0,0
2022-12-11,1.05276,1.07363,1.05058,1.05891,627073,0,0
2022-12-18,1.05812,1.06595,1.05733,1.06163,571507,0,0
2022-12-25,1.06282,1.07133,1.06055,1.06976,353936,0,0
2023-01-01,1.07016,1.07017,1.04832,1.06427,548830,0,0
2023-01-08,1.06394,1.08678,1.0636,1.08323,572449,0,0
2023-01-15,1.08295,1.08874,1.07661,1.08557,529992,0,0
2023-01-22,1.08622,1.09294,1.08352,1.08673,439290,0,0
2023-01-29,1.08618,1.10329,1.07923,1.07932,515854,0,0
2023-02-05,1.078,1.07989,1.06664,1.06782,499165,0,0
2023-02-12,1.06803,1.08045,1.06128,1.06935,483937,0,0
2023-02-19,1.06848,1.07047,1.05362,1.05446,420557,0,0
2023-02-26,1.05459,1.06916,1.0533,1.06328,429818,0,0
2023-03-05,1.06228,1.07008,1.05244,1.06381,454818,0,0
2023-03-12,1.06934,1.07599,1.0516,1.06653,731816,0,0
2023-03-19,1.0683,1.09299,1.06313,1.07601,490461,0,0
2023-03-26,1.07706,1.09263,1.07451,1.08429,350166,0,0
2023-04-02,1.08398,1.09733,1.07882,1.08984,299870,0,0
2023-04-09,1.08953,1.10759,1.08313,1.09946,291052,0,0
2023-04-16,1.09886,1.09998,1.09093,1.09894,295827,0,0
2023-04-23,1.09885,1.10956,1.09604,1.10163,331494,0,0
2023-04-30,1.10119,1.10918,1.09422,1.10182,335995,0,0
2023-05-07,1.10226,1.10538,1.08478,1.08498,294013,0,0
2023-05-14,1.0853,1.09047,1.07599,1.08048,295748,0,0
2023-05-21,1.08045,1.08314,1.07018,1.07258,346441,0,0
2023-05-28,1.07178,1.07791,1.06353,1.0706,301471,0,0
2023-06-04,1.07071,1.07871,1.06671,1.07495,267751,0,0
2023-06-11,1.07448,1.09706,1.0733,1.09406,299615,0,0
2023-06-18,1.09273,1.10122,1.08444,1.08898,293340,0,0
2023-06-25,1.09047,1.09769,1.08354,1.09092,365149,0,0
2023-07-02,1.0909,1.09734,1.08336,1.0968,289081,0,0
2023-07-09,1.0959,1.1245,1.09436,1.12303,312476,0,0
2023-07-16,1.12288,1.12758,1.1108,1.11246,316641,0,0
2023-07-23,1.11213,1.11497,1.09437,1.10141,422155,0,0
2023-07-30,1.1023,1.10459,1.09124,1.10055,363784,0,0
2023-08-06,1.10111,1.10653,1.09292,1.09451,321750,0,0
2023-08-13,1.09492,1.09602,1.08451,1.08696,402109,0,0
2023-08-20,1.08671,1.09305,1.07656,1.07944,375762,0,0
2023-08-27,1.07958,1.09455,1.07715,1.07728,410169,0,0
2023-09-03,1.07738,1.08089,1.06861,1.06993,347043,0,0
2023-09-10,1.07147,1.07688,1.06314,1.06591,387257,0,0
2023-09-17,1.06587,1.0737,1.06149,1.06428,333681,0,0
2023-09-24,1.06498,1.06552,1.04881,1.05735,238431,0,0
2023-10-01,1.05651,1.06002,1.0448,1.05852,349896,0,0
2023-10-08,1.05491,1.06398,1.04954,1.0507,428936,0,0
2023-10-15,1.05084,1.06164,1.05023,1.05931,369441,0,0
2023-10-22,1.05918,1.06947,1.05218,1.0564,352931,0,0
2023-10-29,1.05647,1.07466,1.05166,1.07292,388937,0,0
2023-11-05,1.07215,1.07561,1.0656,1.06845,234832,0,0
2023-11-12,1.06751,1.09137,1.06648,1.09128,304865,0,0
2023-11-19,1.09008,1.09649,1.08522,1.09362,195077,0,0
2023-11-26,1.09386,1.10169,1.08289,1.08823,220068,0,0
2023-12-03,1.08738,1.08944,1.07235,1.07573,264025,0,0
2023-12-10,1.07583,1.10092,1.07415,1.08939,399436,0,0
2023-12-17,1.08968,1.10405,1.08918,1.10132,996617,0,0
2023-12-24,1.10119,1.11396,1.09998,1.1036,630729,0,0
2023-12-31,1.10437,1.10451,1.08769,1.09408,898807,0,0
2024-01-07,1.09331,1.10004,1.09101,1.09497,1045959,0,0
2024-01-14,1.09472,1.09675,1.08444,1.08968,991243,0,0
2024-01-21,1.08898,1.09325,1.08128,1.08533,1007315,0,0
2024-01-28,1.0844,1.08976,1.07799,1.07858,1159045,0,0
2024-02-04,1.07818,1.07953,1.07225,1.07844,684795,0,0
2024-02-11,1.07785,1.08058,1.06945,1.07769,646041,0,0
2024-02-18,1.07722,1.08884,1.07613,1.08184,599778,0,0
2024-02-25,1.08309,1.08661,1.07957,1.08387,643742,0,0
2024-03-03,1.084,1.09813,1.0829,1.0937,670801,0,0
2024-03-10,1.09388,1.09637,1.08729,1.08872,287656,0,0
2024-03-17,1.08881,1.09426,1.08017,1.08062,193698,0,0
2024-03-24,1.08062,1.08643,1.07678,1.07917,163131,0,0
2024-03-31,1.0787,1.08764,1.07246,1.08363,184501,0,0
2024-04-07,1.0837,1.0885,1.06225,1.06406,212117,0,0
2024-04-14,1.0636,1.069,1.06011,1.06557,274331,0,0
2024-04-21,1.06526,1.07527,1.0624,1.06922,164154,0,0
2024-04-28,1.0694,1.0812,1.06494,1.07611,184800,0,0
2024-05-05,1.0763,1.07908,1.07239,1.07694,141972,0,0
2024-05-12,1.07686,1.08949,1.07648,1.08685,142153,0,0
2024-05-19,1.0867,1.08845,1.08047,1.08457,154241,0,0
2024-05-26,1.0848,1.0889,1.07885,1.08474,160597,0,0
2024-06-02,1.085,1.0916,1.07992,1.07994,184175,0,0
2024-06-09,1.0774,1.08523,1.06676,1.07018,191566,0,0
2024-06-16,1.07035,1.07614,1.0671,1.06915,170222,0,0
2024-06-23,1.0685,1.07464,1.06659,1.07116,169949,0,0
2024-06-30,1.0745,1.08425,1.0712,1.08397,137433,0,0
2024-07-07,1.0802,1.09113,1.08002,1.09055,167727,0,0
2024-07-14,1.0886,1.0948,1.08715,1.08839,186833,0,0
2024-07-21,1.0888,1.09025,1.08257,1.08552,186815,0,0
2024-07-28,1.0857,1.09265,1.07773,1.09102,213487,0,0
2024-08-04,1.09221,1.10084,1.08813,1.09151,268027,0,0
2024-08-11,1.09146,1.10471,1.091,1.10271,154528,0,1
2024-08-18,1.10268,1.12009,1.1022,1.11921,173314,0,1
2024-08-25,1.1188,1.12014,1.10434,1.10465,179818,0,2
2024-09-01,1.10461,1.11543,1.10262,1.1085,183733,0,0
2024-09-08,1.10793,1.11016,1.10018,1.10753,182216,0,0
2024-09-15,1.10755,1.1189,1.10684,1.11629,201169,0,0
2024-09-22,1.11615,1.1214,1.10831,1.11629,203385,0,0
2024-09-29,1.116,1.12087,1.09512,1.09737,204449,0,0
2024-10-06,1.09633,1.0997,1.09,1.09362,178444,0,0
2024-10-13,1.093,1.09365,1.08109,1.08666,154896,0,0
2024-10-20,1.0861,1.08717,1.07611,1.07952,150188,0,0
2024-10-27,1.07937,1.09054,1.07687,1.0833,178755,0,0
2024-11-03,1.08755,1.09369,1.06825,1.07179,234274,0,0
2024-11-10,1.0708,1.07277,1.04961,1.05389,217805,0,0
2024-11-17,1.053,1.06097,1.03313,1.04178,214960,0,0
2024-11-24,1.04799,1.0597,1.0425,1.05755,227804,0,0
2024-12-01,1.057,1.06296,1.04606,1.05665,233120,0,0
2024-12-08,1.05557,1.05943,1.04532,1.05025,212410,0,0
2024-12-15,1.04841,1.05342,1.03428,1.04287,221903,0,0
2024-12-22,1.04257,1.04451,1.03834,1.04228,110435,0,0
2024-12-29,1.04251,1.04582,1.02239,1.03078,149235,0,0
2025-01-05,1.03018,1.04365,1.02128,1.02404,211109,0,0
2025-01-12,1.0231,1.03543,1.01772,1.02705,217308,0,0
2025-01-19,1.02731,1.05214,1.02663,1.04919,224617,0,0
2025-01-26,1.04751,1.0533,1.03496,1.0364,237251,0,0
2025-02-02,1.02509,1.04424,1.02111,1.03262,243652,0,0
2025-02-09,1.02966,1.0514,1.02779,1.04898,202178,0,0
2025-02-16,1.04845,1.05063,1.04006,1.04571,218963,0,0
2025-02-23,1.04684,1.05286,1.03597,1.03743,314007,0,0
2025-03-02,1.04025,1.08887,1.03885,1.08325,428598,0,0
2025-03-09,1.08373,1.09472,1.0805,1.08751,351807,0,0
2025-03-16,1.0878,1.09546,1.07964,1.08129,261020,0,0
2025-03-23,1.08184,1.08584,1.07327,1.08276,297998,0,0
2025-03-30,1.08203,1.11456,1.07779,1.09623,457941,0,0
2025-04-06,1.0889,1.14736,1.08778,1.1359,738981,0,1
2025-04-13,1.13103,1.14242,1.12635,1.13898,483932,0,2
2025-04-20,1.13964,1.15727,1.13074,1.13618,487265,0,0
2025-04-27,1.1364,1.14245,1.12654,1.12988,410431,0,0
2025-05-04,1.13042,1.13805,1.11963,1.12466,376666,0,6
2025-05-11,1.11948,1.12651,1.1065,1.11619,371854,0,0
2025-05-18,1.11756,1.1375,1.1162,1.13589,378015,0,0
2025-05-25,1.1363,1.14181,1.12099,1.13457,350393,0,0
2025-06-01,1.1346,1.14944,1.13398,1.13934,346062,0,0
2025-06-08,1.13955,1.16313,1.13725,1.1549,348998,0,0
2025-06-15,1.15272,1.16141,1.14458,1.15216,357937,0,8
2025-06-22,1.14516,1.17532,1.14516,1.17148,367961,0,0
2025-06-29,1.1728,1.18293,1.17073,1.17663,267323,0,0
2025-07-06,1.17804,1.17897,1.16621,1.16882,287914,0,8
2025-07-13,1.1659,1.17207,1.15563,1.16242,277832,0,0
2025-07-20,1.16223,1.17883,1.16141,1.17402,255365,0,0
2025-07-27,1.17519,1.17698,1.1391,1.15873,320882,0,0
2025-08-03,1.15892,1.16982,1.15276,1.16397,277597,0,0
2025-08-10,1.16436,1.17297,1.15896,1.17066,263287,0,8
2025-08-17,1.17096,1.1742,1.15824,1.17208,238870,0,0
2025-08-24,1.17199,1.17286,1.15736,1.16825,247496,0,1
2025-08-31,1.16943,1.17597,1.16077,1.17167,250559,0,0
2025-09-07,1.17089,1.17803,1.16604,1.1734,251127,0,0
2025-09-14,1.17269,1.19185,1.1716,1.17419,266720,0,0
2025-09-21,1.17338,1.18202,1.16452,1.1699,246426,0,0
2025-09-28,1.16993,1.17616,1.16978,1.17547,99466,0,0
